-- MySQL dump 10.14  Distrib 5.5.47-MariaDB, for debian-linux-gnu (i686)
--
-- Host: localhost    Database: h4gSalamanca
-- ------------------------------------------------------
-- Server version	5.5.47-MariaDB-1ubuntu0.14.04.1

/*!40101 SET @OLD_CHARACTER_SET_CLIENT=@@CHARACTER_SET_CLIENT */;
/*!40101 SET @OLD_CHARACTER_SET_RESULTS=@@CHARACTER_SET_RESULTS */;
/*!40101 SET @OLD_COLLATION_CONNECTION=@@COLLATION_CONNECTION */;
/*!40101 SET NAMES utf8 */;
/*!40103 SET @OLD_TIME_ZONE=@@TIME_ZONE */;
/*!40103 SET TIME_ZONE='+00:00' */;
/*!40014 SET @OLD_UNIQUE_CHECKS=@@UNIQUE_CHECKS, UNIQUE_CHECKS=0 */;
/*!40014 SET @OLD_FOREIGN_KEY_CHECKS=@@FOREIGN_KEY_CHECKS, FOREIGN_KEY_CHECKS=0 */;
/*!40101 SET @OLD_SQL_MODE=@@SQL_MODE, SQL_MODE='NO_AUTO_VALUE_ON_ZERO' */;
/*!40111 SET @OLD_SQL_NOTES=@@SQL_NOTES, SQL_NOTES=0 */;

--
-- Table structure for table `api_position`
--

DROP TABLE IF EXISTS `api_position`;
/*!40101 SET @saved_cs_client     = @@character_set_client */;
/*!40101 SET character_set_client = utf8 */;
CREATE TABLE `api_position` (
  `id` int(11) NOT NULL AUTO_INCREMENT,
  `latitude` decimal(12,7) DEFAULT NULL,
  `longitude` decimal(12,7) DEFAULT NULL,
  `elevation` decimal(12,7) DEFAULT NULL,
  `timestamp` datetime NOT NULL,
  PRIMARY KEY (`id`)
) ENGINE=InnoDB AUTO_INCREMENT=1615 DEFAULT CHARSET=utf8;
/*!40101 SET character_set_client = @saved_cs_client */;

--
-- Dumping data for table `api_position`
--

LOCK TABLES `api_position` WRITE;
/*!40000 ALTER TABLE `api_position` DISABLE KEYS */;
INSERT INTO `api_position` VALUES (1,40.9577840,-5.6667782,15.0000000,'2015-04-16 22:28:33'),(2,40.9615200,-5.6686910,17.0000000,'2015-04-16 22:28:33'),(3,40.9615200,-5.6686910,15.0000000,'2015-04-16 22:28:33'),(4,40.9577840,-5.6667782,15.0000000,'2015-04-16 22:29:46'),(5,40.9615200,-5.6686910,17.0000000,'2015-04-16 22:29:46'),(6,40.9615200,-5.6686910,15.0000000,'2015-04-16 22:29:46'),(7,40.9577840,-5.6667782,15.0000000,'2015-04-16 22:30:10'),(8,40.9615200,-5.6686910,17.0000000,'2015-04-16 22:30:10'),(9,40.9615200,-5.6686910,15.0000000,'2015-04-16 22:30:10'),(10,40.9577840,-5.6667782,15.0000000,'2015-04-16 22:36:28'),(11,40.9615200,-5.6686910,17.0000000,'2015-04-16 22:36:28'),(12,40.9615200,-5.6686910,15.0000000,'2015-04-16 22:36:28'),(13,40.9577840,-5.6667782,NULL,'2015-04-17 16:06:06'),(14,40.9577840,-5.6667782,NULL,'2015-04-17 16:07:29'),(15,40.9577840,-5.6667782,NULL,'2015-04-17 16:07:44'),(16,40.9577840,-5.6667782,NULL,'2015-04-17 16:16:20'),(17,40.9655679,-5.6697085,NULL,'2015-04-17 16:17:53'),(18,40.9655143,-5.6696464,NULL,'2015-04-17 16:18:38'),(19,40.9655143,-5.6696464,NULL,'2015-04-17 16:18:38'),(20,40.9655143,-5.6696464,NULL,'2015-04-17 16:18:38'),(21,40.9655143,-5.6696464,NULL,'2015-04-17 16:18:38'),(22,40.9655143,-5.6696464,NULL,'2015-04-17 16:18:38'),(23,40.9655143,-5.6696464,NULL,'2015-04-17 16:18:38'),(24,40.9655143,-5.6696464,NULL,'2015-04-17 16:18:38'),(25,40.9655143,-5.6696464,NULL,'2015-04-17 16:18:38'),(26,40.9655143,-5.6696464,NULL,'2015-04-17 16:20:35'),(27,40.9655143,-5.6696464,NULL,'2015-04-17 16:20:35'),(28,40.9655143,-5.6696464,NULL,'2015-04-17 16:20:35'),(29,40.9655143,-5.6696464,NULL,'2015-04-17 16:20:35'),(30,40.9655143,-5.6696464,NULL,'2015-04-17 16:20:35'),(31,40.9655143,-5.6696464,NULL,'2015-04-17 16:20:35'),(32,40.9655143,-5.6696464,NULL,'2015-04-17 16:20:35'),(33,40.9655143,-5.6696464,NULL,'2015-04-17 16:20:35'),(34,40.9655314,-5.6696410,NULL,'2015-04-17 17:52:35'),(35,40.9655314,-5.6696410,NULL,'2015-04-17 17:52:35'),(36,40.9655314,-5.6696410,NULL,'2015-04-17 17:52:35'),(37,40.9655314,-5.6696410,NULL,'2015-04-17 17:52:35'),(38,40.9655314,-5.6696410,NULL,'2015-04-17 17:52:35'),(39,40.9655314,-5.6696410,NULL,'2015-04-17 17:52:35'),(40,40.9655314,-5.6696410,NULL,'2015-04-17 17:52:35'),(41,40.9655314,-5.6696410,NULL,'2015-04-17 17:52:35'),(42,40.9655314,-5.6696410,NULL,'2015-04-17 17:52:35'),(43,40.9655314,-5.6696410,NULL,'2015-04-17 17:52:35'),(44,40.9655314,-5.6696410,NULL,'2015-04-17 17:52:35'),(45,40.9669835,-5.6957667,NULL,'2015-04-17 17:56:33'),(46,40.9669835,-5.6957667,NULL,'2015-04-17 17:56:33'),(47,40.9669835,-5.6957667,NULL,'2015-04-17 17:56:33'),(48,40.9669835,-5.6957667,NULL,'2015-04-17 17:56:33'),(49,40.9669835,-5.6957667,NULL,'2015-04-17 17:56:33'),(50,40.9669835,-5.6957667,NULL,'2015-04-17 17:56:33'),(51,40.9669835,-5.6957667,NULL,'2015-04-17 17:56:33'),(52,40.9669835,-5.6957667,NULL,'2015-04-17 17:56:33'),(53,40.9656168,-5.6696598,NULL,'2015-04-17 17:56:33'),(54,40.9656168,-5.6696598,NULL,'2015-04-17 17:56:33'),(55,40.9656168,-5.6696598,NULL,'2015-04-17 17:56:33'),(56,40.9656168,-5.6696598,NULL,'2015-04-17 17:56:33'),(57,40.9656168,-5.6696598,NULL,'2015-04-17 17:56:33'),(58,40.9656168,-5.6696598,NULL,'2015-04-17 17:56:33'),(59,40.9656168,-5.6696598,NULL,'2015-04-17 17:56:33'),(60,40.9656168,-5.6696598,NULL,'2015-04-17 17:56:33'),(61,40.9656168,-5.6696598,NULL,'2015-04-17 17:56:33'),(62,40.9656168,-5.6696598,NULL,'2015-04-17 17:56:33'),(63,40.9656168,-5.6696598,NULL,'2015-04-17 17:56:33'),(64,40.9656168,-5.6696598,NULL,'2015-04-17 17:56:33'),(65,40.9656168,-5.6696598,NULL,'2015-04-17 17:56:33'),(66,40.9656168,-5.6696598,NULL,'2015-04-17 17:56:33'),(67,40.9656168,-5.6696598,NULL,'2015-04-17 17:56:33'),(68,40.9693884,-5.6681270,NULL,'2015-04-17 19:33:27'),(69,40.9693904,-5.6681275,NULL,'2015-04-17 19:33:27'),(70,40.9693920,-5.6681278,NULL,'2015-04-17 19:33:27'),(71,40.9693936,-5.6681280,NULL,'2015-04-17 19:33:27'),(72,40.9693951,-5.6681283,NULL,'2015-04-17 19:33:27'),(73,40.9637095,-5.6892492,NULL,'2015-04-17 21:32:33'),(74,40.9637095,-5.6892492,NULL,'2015-04-17 21:32:33'),(75,40.9637095,-5.6892492,NULL,'2015-04-17 21:32:33'),(76,40.9637095,-5.6892492,NULL,'2015-04-17 21:32:34'),(77,40.9637052,-5.6892602,NULL,'2015-04-17 21:33:18'),(78,40.9637052,-5.6892602,NULL,'2015-04-17 21:33:18'),(79,40.9637052,-5.6892602,NULL,'2015-04-17 21:33:18'),(80,40.9637052,-5.6892602,NULL,'2015-04-17 21:33:18'),(81,40.9637052,-5.6892602,NULL,'2015-04-17 21:33:18'),(82,40.9637052,-5.6892602,NULL,'2015-04-17 21:33:18'),(83,40.9637201,-5.6890680,NULL,'2015-04-17 21:45:28'),(84,40.9637201,-5.6890680,NULL,'2015-04-17 21:45:28'),(85,40.9637201,-5.6890680,NULL,'2015-04-17 21:45:28'),(86,40.9637201,-5.6890680,NULL,'2015-04-17 21:45:28'),(87,40.9637201,-5.6890680,NULL,'2015-04-17 21:45:28'),(88,40.9637175,-5.6890720,NULL,'2015-04-17 21:45:28'),(89,40.9637175,-5.6890720,NULL,'2015-04-17 21:45:28'),(90,40.9637201,-5.6890680,NULL,'2015-04-17 21:45:51'),(91,40.9637201,-5.6890680,NULL,'2015-04-17 21:45:51'),(92,40.9637201,-5.6890680,NULL,'2015-04-17 21:45:51'),(93,40.9637201,-5.6890680,NULL,'2015-04-17 21:45:51'),(94,40.9637201,-5.6890680,NULL,'2015-04-17 21:45:51'),(95,40.9637175,-5.6890720,NULL,'2015-04-17 21:45:51'),(96,40.9637175,-5.6890720,NULL,'2015-04-17 21:45:51'),(97,40.9637171,-5.6890803,NULL,'2015-04-17 21:45:51'),(98,40.9637167,-5.6890842,NULL,'2015-04-17 21:45:51'),(99,40.9636904,-5.6891069,NULL,'2015-04-17 21:45:51'),(100,40.9637065,-5.6890999,NULL,'2015-04-17 21:47:59'),(101,40.9637065,-5.6890999,NULL,'2015-04-17 21:47:59'),(102,40.9637025,-5.6891087,NULL,'2015-04-17 21:47:59'),(103,40.9637025,-5.6891087,NULL,'2015-04-17 21:47:59'),(104,40.9637020,-5.6891110,NULL,'2015-04-17 21:47:59'),(105,40.9637020,-5.6891110,NULL,'2015-04-17 21:47:59'),(106,40.9636971,-5.6891171,NULL,'2015-04-17 21:47:59'),(107,40.9636916,-5.6891141,NULL,'2015-04-17 21:47:59'),(108,40.9636852,-5.6891124,NULL,'2015-04-17 21:47:59'),(109,40.9636878,-5.6891101,NULL,'2015-04-17 21:47:59'),(110,40.9636936,-5.6891027,NULL,'2015-04-17 21:47:59'),(111,40.9636936,-5.6891027,NULL,'2015-04-17 21:47:59'),(112,40.9636936,-5.6891027,NULL,'2015-04-17 21:47:59'),(113,40.9636971,-5.6891060,NULL,'2015-04-17 21:47:59'),(114,40.9636964,-5.6891105,NULL,'2015-04-17 21:47:59'),(115,40.9627584,-5.6867758,NULL,'2015-04-17 22:07:59'),(116,40.9627268,-5.6867986,NULL,'2015-04-17 22:07:59'),(117,40.9626974,-5.6868170,NULL,'2015-04-17 22:07:59'),(118,40.9628201,-5.6867371,NULL,'2015-04-17 22:07:59'),(119,40.9628545,-5.6867159,NULL,'2015-04-17 22:07:59'),(120,40.9628343,-5.6867293,NULL,'2015-04-17 22:07:59'),(121,40.9628185,-5.6867398,NULL,'2015-04-17 22:07:59'),(122,40.9627584,-5.6867758,NULL,'2015-04-17 22:09:53'),(123,40.9627268,-5.6867986,NULL,'2015-04-17 22:09:53'),(124,40.9626974,-5.6868170,NULL,'2015-04-17 22:09:54'),(125,40.9628201,-5.6867371,NULL,'2015-04-17 22:09:54'),(126,40.9628545,-5.6867159,NULL,'2015-04-17 22:09:54'),(127,40.9628343,-5.6867293,NULL,'2015-04-17 22:09:54'),(128,40.9628185,-5.6867398,NULL,'2015-04-17 22:09:54'),(129,40.9628059,-5.6867482,NULL,'2015-04-17 22:09:54'),(130,40.9628059,-5.6867482,NULL,'2015-04-17 22:09:54'),(131,40.9636446,-5.6890196,NULL,'2015-04-17 22:09:54'),(132,40.9636430,-5.6890179,NULL,'2015-04-17 22:09:54'),(133,40.9636544,-5.6890645,NULL,'2015-04-17 22:09:54'),(134,40.9636553,-5.6890779,NULL,'2015-04-17 22:09:54'),(135,40.9636549,-5.6890760,NULL,'2015-04-17 22:09:54'),(136,40.9636542,-5.6890814,NULL,'2015-04-17 22:09:54'),(137,40.9636546,-5.6890830,NULL,'2015-04-17 22:09:54'),(138,40.9636545,-5.6890837,NULL,'2015-04-17 22:09:54'),(139,40.9636541,-5.6890841,NULL,'2015-04-17 22:09:54'),(140,40.9636530,-5.6890864,NULL,'2015-04-17 22:09:54'),(141,40.9636518,-5.6890891,NULL,'2015-04-17 22:09:54'),(142,40.9636514,-5.6890897,NULL,'2015-04-17 22:09:54'),(143,40.9636516,-5.6890891,NULL,'2015-04-17 22:09:54'),(144,40.9636516,-5.6890891,NULL,'2015-04-17 22:09:54'),(145,40.9636518,-5.6890888,NULL,'2015-04-17 22:09:54'),(146,40.9636518,-5.6890889,NULL,'2015-04-17 22:09:54'),(147,40.9636519,-5.6890886,NULL,'2015-04-17 22:09:54'),(148,40.9636521,-5.6890883,NULL,'2015-04-17 22:09:54'),(149,40.9636521,-5.6890884,NULL,'2015-04-17 22:09:54'),(150,40.9636523,-5.6890892,NULL,'2015-04-17 22:09:54'),(151,40.9636523,-5.6890894,NULL,'2015-04-17 22:09:54'),(152,40.9636539,-5.6890902,NULL,'2015-04-17 22:09:54'),(153,40.9636572,-5.6890914,NULL,'2015-04-17 22:09:54'),(154,40.9636592,-5.6890920,NULL,'2015-04-17 22:09:54'),(155,40.9636619,-5.6890923,NULL,'2015-04-17 22:09:55'),(156,40.9636651,-5.6890910,NULL,'2015-04-17 22:09:55'),(157,40.9636668,-5.6890904,NULL,'2015-04-17 22:09:55'),(158,40.9636684,-5.6890900,NULL,'2015-04-17 22:09:55'),(159,40.9636710,-5.6890890,NULL,'2015-04-17 22:09:55'),(160,40.9636732,-5.6890884,NULL,'2015-04-17 22:09:55'),(161,40.9636744,-5.6890881,NULL,'2015-04-17 22:09:55'),(162,40.9636750,-5.6890878,NULL,'2015-04-17 22:09:55'),(163,40.9636768,-5.6890873,NULL,'2015-04-17 22:09:55'),(164,40.9636785,-5.6890870,NULL,'2015-04-17 22:09:55'),(165,40.9636799,-5.6890867,NULL,'2015-04-17 22:09:55'),(166,40.9636804,-5.6890867,NULL,'2015-04-17 22:09:55'),(167,37.9730060,-1.1197222,NULL,'2015-04-17 22:26:24'),(168,37.9730060,-1.1197222,NULL,'2015-04-17 22:26:24'),(169,37.9730059,-1.1197158,NULL,'2015-04-17 22:26:24'),(170,37.9730034,-1.1197187,NULL,'2015-04-17 22:26:24'),(171,37.9730026,-1.1197191,NULL,'2015-04-17 22:26:24'),(172,37.9730018,-1.1197202,NULL,'2015-04-17 22:26:24'),(173,37.9729994,-1.1197248,NULL,'2015-04-17 22:26:24'),(174,37.9730002,-1.1197191,NULL,'2015-04-17 22:26:25'),(175,37.9730002,-1.1197250,NULL,'2015-04-17 22:26:25'),(176,40.9636484,-5.6892972,NULL,'2015-04-18 06:31:46'),(177,40.9636484,-5.6892972,NULL,'2015-04-18 06:31:46'),(178,40.9636484,-5.6892972,NULL,'2015-04-18 06:31:46'),(179,40.9636739,-5.6893117,NULL,'2015-04-18 06:32:30'),(180,40.9636739,-5.6893117,NULL,'2015-04-18 06:32:30'),(181,40.9636437,-5.6892785,NULL,'2015-04-18 06:38:07'),(182,40.9636691,-5.6892595,NULL,'2015-04-18 06:38:07'),(183,40.9636541,-5.6892782,NULL,'2015-04-18 06:49:42'),(184,40.9636515,-5.6892675,NULL,'2015-04-18 06:49:42'),(185,40.9636789,-5.6893139,NULL,'2015-04-18 06:51:13'),(186,40.9636789,-5.6893139,NULL,'2015-04-18 06:51:13'),(187,40.9636789,-5.6893139,NULL,'2015-04-18 06:51:13'),(188,40.9584536,-5.6626918,NULL,'2015-04-18 07:46:37'),(189,40.9584536,-5.6626918,NULL,'2015-04-18 07:46:37'),(190,40.9584536,-5.6626918,NULL,'2015-04-18 07:46:37'),(191,40.9584536,-5.6626918,NULL,'2015-04-18 07:46:37'),(192,40.9584536,-5.6626918,NULL,'2015-04-18 07:46:37'),(193,40.9584553,-5.6626908,NULL,'2015-04-18 07:46:37'),(194,40.9584559,-5.6626905,NULL,'2015-04-18 07:46:37'),(195,40.9584559,-5.6626916,NULL,'2015-04-18 07:46:37'),(196,40.9584564,-5.6626911,NULL,'2015-04-18 07:46:37'),(197,40.9584524,-5.6626899,NULL,'2015-04-18 07:46:37'),(198,40.9636877,-5.6891324,NULL,'2015-04-18 07:49:23'),(199,40.9636826,-5.6891616,NULL,'2015-04-18 07:49:23'),(200,40.9636778,-5.6891655,NULL,'2015-04-18 07:49:23'),(201,40.9636677,-5.6891418,NULL,'2015-04-18 07:49:23'),(202,40.9636606,-5.6891235,NULL,'2015-04-18 07:49:23'),(203,40.9636614,-5.6891319,NULL,'2015-04-18 07:49:23'),(204,40.9636622,-5.6891380,NULL,'2015-04-18 07:49:23'),(205,40.9636630,-5.6891434,NULL,'2015-04-18 07:49:23'),(206,40.9636636,-5.6891480,NULL,'2015-04-18 07:49:23'),(207,40.9636636,-5.6891540,NULL,'2015-04-18 07:49:23'),(208,40.9636618,-5.6891550,NULL,'2015-04-18 07:49:23'),(209,40.9636598,-5.6891508,NULL,'2015-04-18 07:49:23'),(210,40.9636549,-5.6891461,NULL,'2015-04-18 07:49:23'),(211,40.9636538,-5.6891431,NULL,'2015-04-18 07:49:24'),(212,40.9636529,-5.6891408,NULL,'2015-04-18 07:49:24'),(213,40.9636538,-5.6891297,NULL,'2015-04-18 07:49:24'),(214,40.9636546,-5.6891205,NULL,'2015-04-18 07:49:24'),(215,40.9636553,-5.6891127,NULL,'2015-04-18 07:49:24'),(216,40.9636585,-5.6891052,NULL,'2015-04-18 07:49:24'),(217,40.9636596,-5.6890992,NULL,'2015-04-18 07:49:24'),(218,40.9636545,-5.6890772,NULL,'2015-04-18 07:49:24'),(219,40.9636489,-5.6890476,NULL,'2015-04-18 07:49:24'),(220,40.9636447,-5.6890109,NULL,'2015-04-18 07:49:24'),(221,40.9636432,-5.6889826,NULL,'2015-04-18 07:49:24'),(222,40.9636444,-5.6889622,NULL,'2015-04-18 07:49:24'),(223,40.9636456,-5.6889414,NULL,'2015-04-18 07:49:24'),(224,40.9636465,-5.6889198,NULL,'2015-04-18 07:49:24'),(225,40.9636489,-5.6888820,NULL,'2015-04-18 07:49:24'),(226,40.9636580,-5.6888440,NULL,'2015-04-18 07:49:24'),(227,40.9636653,-5.6888141,NULL,'2015-04-18 07:49:24'),(228,40.9636721,-5.6887861,NULL,'2015-04-18 07:49:24'),(229,40.9636772,-5.6887650,NULL,'2015-04-18 07:49:24'),(230,40.9636842,-5.6887427,NULL,'2015-04-18 07:49:24'),(231,40.9636893,-5.6887251,NULL,'2015-04-18 07:49:24'),(232,40.9636948,-5.6887063,NULL,'2015-04-18 07:49:24'),(233,40.9637004,-5.6886878,NULL,'2015-04-18 07:49:24'),(234,40.9637019,-5.6886760,NULL,'2015-04-18 07:49:24'),(235,40.9637019,-5.6886760,NULL,'2015-04-18 07:49:24'),(236,40.9637019,-5.6886760,NULL,'2015-04-18 07:49:24'),(237,40.9637019,-5.6886760,NULL,'2015-04-18 07:49:24'),(238,40.9637019,-5.6886760,NULL,'2015-04-18 07:49:24'),(239,40.9638373,-5.6874641,NULL,'2015-04-18 07:49:24'),(240,40.9638234,-5.6874134,NULL,'2015-04-18 07:49:24'),(241,40.9638150,-5.6873757,NULL,'2015-04-18 07:49:25'),(242,40.9638082,-5.6873496,NULL,'2015-04-18 07:49:25'),(243,40.9637994,-5.6873298,NULL,'2015-04-18 07:49:25'),(244,40.9637905,-5.6873097,NULL,'2015-04-18 07:49:25'),(245,40.9637923,-5.6873262,NULL,'2015-04-18 07:49:25'),(246,40.9637907,-5.6873411,NULL,'2015-04-18 07:49:25'),(247,40.9637889,-5.6873500,NULL,'2015-04-18 07:49:25'),(248,40.9637874,-5.6873406,NULL,'2015-04-18 07:49:25'),(249,40.9637854,-5.6873295,NULL,'2015-04-18 07:49:25'),(250,40.9637668,-5.6872629,NULL,'2015-04-18 07:49:25'),(251,40.9637552,-5.6872172,NULL,'2015-04-18 07:49:25'),(252,40.9637394,-5.6871792,NULL,'2015-04-18 07:49:25'),(253,40.9637315,-5.6871442,NULL,'2015-04-18 07:49:25'),(254,40.9637257,-5.6871196,NULL,'2015-04-18 07:49:25'),(255,40.9637202,-5.6871008,NULL,'2015-04-18 07:49:25'),(256,40.9637150,-5.6870815,NULL,'2015-04-18 07:49:25'),(257,40.9637130,-5.6870674,NULL,'2015-04-18 07:49:25'),(258,40.9637093,-5.6870440,NULL,'2015-04-18 07:49:25'),(259,40.9637079,-5.6870265,NULL,'2015-04-18 07:49:25'),(260,40.9637068,-5.6870128,NULL,'2015-04-18 07:49:25'),(261,40.9637076,-5.6869978,NULL,'2015-04-18 07:49:25'),(262,40.9637083,-5.6869845,NULL,'2015-04-18 07:49:25'),(263,40.9637103,-5.6869725,NULL,'2015-04-18 07:49:25'),(264,40.9637136,-5.6869607,NULL,'2015-04-18 07:49:25'),(265,40.9637192,-5.6869366,NULL,'2015-04-18 07:49:25'),(266,40.9637253,-5.6869155,NULL,'2015-04-18 07:49:25'),(267,40.9637315,-5.6868964,NULL,'2015-04-18 07:49:25'),(268,40.9637385,-5.6868776,NULL,'2015-04-18 07:49:25'),(269,40.9637394,-5.6868749,NULL,'2015-04-18 07:49:25'),(270,40.9637405,-5.6868719,NULL,'2015-04-18 07:49:25'),(271,40.9637417,-5.6868689,NULL,'2015-04-18 07:49:25'),(272,40.9637427,-5.6868661,NULL,'2015-04-18 07:49:26'),(273,40.9637451,-5.6868595,NULL,'2015-04-18 07:49:26'),(274,40.9637474,-5.6868530,NULL,'2015-04-18 07:49:26'),(275,40.9637474,-5.6868530,NULL,'2015-04-18 07:49:26'),(276,40.9637474,-5.6868530,NULL,'2015-04-18 07:49:26'),(277,40.9639166,-5.6854335,NULL,'2015-04-18 07:49:26'),(278,40.9639168,-5.6854528,NULL,'2015-04-18 07:49:26'),(279,40.9639223,-5.6854932,NULL,'2015-04-18 07:49:26'),(280,40.9639238,-5.6855087,NULL,'2015-04-18 07:49:26'),(281,40.9639337,-5.6855162,NULL,'2015-04-18 07:49:26'),(282,40.9639422,-5.6855236,NULL,'2015-04-18 07:49:26'),(283,40.9639484,-5.6855290,NULL,'2015-04-18 07:49:26'),(284,40.9639430,-5.6855146,NULL,'2015-04-18 07:49:26'),(285,40.9639231,-5.6854354,NULL,'2015-04-18 07:49:26'),(286,40.9639063,-5.6853681,NULL,'2015-04-18 07:49:26'),(287,40.9638917,-5.6853101,NULL,'2015-04-18 07:49:26'),(288,40.9639187,-5.6852250,NULL,'2015-04-18 07:49:26'),(289,40.9639450,-5.6851427,NULL,'2015-04-18 07:49:26'),(290,40.9639670,-5.6850736,NULL,'2015-04-18 07:49:26'),(291,40.9639947,-5.6850005,NULL,'2015-04-18 07:49:26'),(292,40.9640179,-5.6849347,NULL,'2015-04-18 07:49:26'),(293,40.9640373,-5.6848798,NULL,'2015-04-18 07:49:26'),(294,40.9640548,-5.6848334,NULL,'2015-04-18 07:49:26'),(295,40.9640698,-5.6847937,NULL,'2015-04-18 07:49:26'),(296,40.9640837,-5.6847646,NULL,'2015-04-18 07:49:26'),(297,40.9643137,-5.6842825,NULL,'2015-04-18 07:49:26'),(298,40.9643137,-5.6842825,NULL,'2015-04-18 07:49:26'),(299,40.9643137,-5.6842825,NULL,'2015-04-18 07:49:26'),(300,40.9643137,-5.6842825,NULL,'2015-04-18 07:49:26'),(301,40.9643137,-5.6842825,NULL,'2015-04-18 07:49:27'),(302,40.9643137,-5.6842825,NULL,'2015-04-18 07:49:27'),(303,40.9643618,-5.6820012,NULL,'2015-04-18 07:49:27'),(304,40.9643620,-5.6820025,NULL,'2015-04-18 07:49:27'),(305,40.9643621,-5.6820030,NULL,'2015-04-18 07:49:27'),(306,40.9643621,-5.6820030,NULL,'2015-04-18 07:49:27'),(307,40.9643621,-5.6820030,NULL,'2015-04-18 07:49:27'),(308,40.9661900,-5.6826443,NULL,'2015-04-18 07:49:27'),(309,40.9662737,-5.6825704,NULL,'2015-04-18 07:50:09'),(310,40.9662834,-5.6825566,NULL,'2015-04-18 07:50:09'),(311,40.9662880,-5.6825465,NULL,'2015-04-18 07:50:09'),(312,40.9662880,-5.6825465,NULL,'2015-04-18 07:50:09'),(313,40.9662880,-5.6825465,NULL,'2015-04-18 07:50:09'),(314,40.9641705,-5.6825992,NULL,'2015-04-18 07:50:10'),(315,40.9641837,-5.6825561,NULL,'2015-04-18 07:50:10'),(316,40.9641932,-5.6825251,NULL,'2015-04-18 07:50:10'),(317,40.9642003,-5.6825018,NULL,'2015-04-18 07:50:10'),(318,40.9642003,-5.6825018,NULL,'2015-04-18 07:50:10'),(319,40.9665037,-5.6834383,NULL,'2015-04-18 07:50:10'),(320,40.9665037,-5.6834383,NULL,'2015-04-18 07:50:10'),(321,40.9660173,-5.6820700,NULL,'2015-04-18 07:53:22'),(322,40.9660450,-5.6821080,NULL,'2015-04-18 07:53:22'),(323,40.9660469,-5.6821138,NULL,'2015-04-18 07:53:22'),(324,40.9660469,-5.6821138,NULL,'2015-04-18 07:53:22'),(325,40.9660408,-5.6821027,NULL,'2015-04-18 07:53:22'),(326,40.9660357,-5.6820942,NULL,'2015-04-18 07:53:22'),(327,40.9660179,-5.6820843,NULL,'2015-04-18 07:53:22'),(328,40.9660057,-5.6820934,NULL,'2015-04-18 07:53:22'),(329,40.9659959,-5.6821015,NULL,'2015-04-18 07:53:22'),(330,40.9659885,-5.6821058,NULL,'2015-04-18 07:53:22'),(331,40.9659817,-5.6821035,NULL,'2015-04-18 07:53:22'),(332,40.9659768,-5.6820956,NULL,'2015-04-18 07:53:22'),(333,40.9659597,-5.6820741,NULL,'2015-04-18 07:53:22'),(334,40.9659372,-5.6820695,NULL,'2015-04-18 07:53:22'),(335,40.9659314,-5.6820509,NULL,'2015-04-18 07:53:22'),(336,40.9659314,-5.6820509,NULL,'2015-04-18 07:53:22'),(337,40.9659314,-5.6820509,NULL,'2015-04-18 07:53:22'),(338,40.9657500,-5.6803737,NULL,'2015-04-18 07:53:22'),(339,40.9657154,-5.6803461,NULL,'2015-04-18 07:53:22'),(340,40.9656832,-5.6803349,NULL,'2015-04-18 07:53:22'),(341,40.9656666,-5.6803086,NULL,'2015-04-18 07:53:22'),(342,40.9656533,-5.6802934,NULL,'2015-04-18 07:53:22'),(343,40.9656498,-5.6802630,NULL,'2015-04-18 07:53:22'),(344,40.9656505,-5.6802424,NULL,'2015-04-18 07:53:22'),(345,40.9656540,-5.6802272,NULL,'2015-04-18 07:53:22'),(346,40.9656567,-5.6802109,NULL,'2015-04-18 07:53:22'),(347,40.9656601,-5.6801966,NULL,'2015-04-18 07:53:22'),(348,40.9656742,-5.6801867,NULL,'2015-04-18 07:53:22'),(349,40.9656786,-5.6801828,NULL,'2015-04-18 07:53:22'),(350,40.9656820,-5.6801776,NULL,'2015-04-18 07:53:22'),(351,40.9656849,-5.6801765,NULL,'2015-04-18 07:53:22'),(352,40.9656887,-5.6801778,NULL,'2015-04-18 07:53:23'),(353,40.9656900,-5.6801762,NULL,'2015-04-18 07:53:23'),(354,40.9656937,-5.6801741,NULL,'2015-04-18 07:53:23'),(355,40.9656976,-5.6801710,NULL,'2015-04-18 07:53:23'),(356,40.9656999,-5.6801691,NULL,'2015-04-18 07:53:23'),(357,40.9657030,-5.6801674,NULL,'2015-04-18 07:53:23'),(358,40.9657058,-5.6801659,NULL,'2015-04-18 07:53:23'),(359,40.9657127,-5.6801597,NULL,'2015-04-18 07:53:23'),(360,40.9657127,-5.6801597,NULL,'2015-04-18 07:53:23'),(361,40.9657127,-5.6801597,NULL,'2015-04-18 07:53:23'),(362,40.9657127,-5.6801597,NULL,'2015-04-18 07:53:23'),(363,40.9657127,-5.6801597,NULL,'2015-04-18 07:53:23'),(364,40.9657169,-5.6801561,NULL,'2015-04-18 07:53:23'),(365,40.9657203,-5.6801535,NULL,'2015-04-18 07:53:23'),(366,40.9657215,-5.6801534,NULL,'2015-04-18 07:53:23'),(367,40.9657230,-5.6801506,NULL,'2015-04-18 07:53:23'),(368,40.9657249,-5.6801480,NULL,'2015-04-18 07:53:23'),(369,40.9657278,-5.6801451,NULL,'2015-04-18 07:53:23'),(370,40.9657301,-5.6801418,NULL,'2015-04-18 07:53:23'),(371,40.9657331,-5.6801393,NULL,'2015-04-18 07:53:23'),(372,40.9657361,-5.6801369,NULL,'2015-04-18 07:53:23'),(373,40.9657377,-5.6801356,NULL,'2015-04-18 07:53:23'),(374,40.9657379,-5.6801335,NULL,'2015-04-18 07:53:23'),(375,40.9657396,-5.6801305,NULL,'2015-04-18 07:53:23'),(376,40.9657408,-5.6801280,NULL,'2015-04-18 07:53:23'),(377,40.9657430,-5.6801232,NULL,'2015-04-18 07:53:23'),(378,40.9657456,-5.6801184,NULL,'2015-04-18 07:53:23'),(379,40.9657492,-5.6801137,NULL,'2015-04-18 07:56:47'),(380,40.9657523,-5.6801105,NULL,'2015-04-18 07:56:47'),(381,40.9657536,-5.6801083,NULL,'2015-04-18 07:56:47'),(382,40.9657582,-5.6801041,NULL,'2015-04-18 07:56:47'),(383,40.9657676,-5.6800983,NULL,'2015-04-18 07:56:47'),(384,40.9657780,-5.6800913,NULL,'2015-04-18 07:56:47'),(385,40.9657859,-5.6800853,NULL,'2015-04-18 07:56:47'),(386,40.9657859,-5.6800853,NULL,'2015-04-18 07:56:47'),(387,40.9657859,-5.6800853,NULL,'2015-04-18 07:56:47'),(388,40.9665280,-5.6792293,NULL,'2015-04-18 07:56:47'),(389,40.9665221,-5.6792222,NULL,'2015-04-18 07:56:47'),(390,40.9665170,-5.6792038,NULL,'2015-04-18 07:56:47'),(391,40.9665125,-5.6791880,NULL,'2015-04-18 07:56:47'),(392,40.9665087,-5.6791748,NULL,'2015-04-18 07:56:47'),(393,40.9665047,-5.6791609,NULL,'2015-04-18 07:56:47'),(394,40.9665166,-5.6791914,NULL,'2015-04-18 07:56:47'),(395,40.9665278,-5.6792003,NULL,'2015-04-18 07:56:47'),(396,40.9665341,-5.6792145,NULL,'2015-04-18 07:56:47'),(397,40.9665446,-5.6792198,NULL,'2015-04-18 07:56:47'),(398,40.9665807,-5.6792029,NULL,'2015-04-18 07:56:47'),(399,40.9670529,-5.6783773,NULL,'2015-04-18 07:56:47'),(400,40.9670529,-5.6783773,NULL,'2015-04-18 07:56:47'),(401,40.9670529,-5.6783773,NULL,'2015-04-18 07:56:47'),(402,40.9670529,-5.6783773,NULL,'2015-04-18 07:56:47'),(403,40.9670529,-5.6783773,NULL,'2015-04-18 07:56:47'),(404,40.9670736,-5.6782999,NULL,'2015-04-18 07:56:47'),(405,40.9670732,-5.6781890,NULL,'2015-04-18 07:56:47'),(406,40.9670718,-5.6781451,NULL,'2015-04-18 07:56:47'),(407,40.9670699,-5.6781221,NULL,'2015-04-18 07:56:47'),(408,40.9670680,-5.6781173,NULL,'2015-04-18 07:56:47'),(409,40.9670650,-5.6781116,NULL,'2015-04-18 07:56:47'),(410,40.9670620,-5.6781060,NULL,'2015-04-18 07:56:47'),(411,40.9670550,-5.6781034,NULL,'2015-04-18 07:56:47'),(412,40.9670476,-5.6781032,NULL,'2015-04-18 07:56:47'),(413,40.9670418,-5.6780995,NULL,'2015-04-18 07:56:48'),(414,40.9670346,-5.6780972,NULL,'2015-04-18 07:56:48'),(415,40.9670274,-5.6780891,NULL,'2015-04-18 07:56:48'),(416,40.9670205,-5.6780814,NULL,'2015-04-18 07:56:48'),(417,40.9669812,-5.6780451,NULL,'2015-04-18 07:56:48'),(418,40.9669473,-5.6780141,NULL,'2015-04-18 07:56:48'),(419,40.9669303,-5.6780043,NULL,'2015-04-18 07:56:48'),(420,40.9668968,-5.6779774,NULL,'2015-04-18 07:56:48'),(421,40.9668597,-5.6779262,NULL,'2015-04-18 07:56:48'),(422,40.9668417,-5.6778872,NULL,'2015-04-18 07:56:48'),(423,40.9668088,-5.6778173,NULL,'2015-04-18 07:56:48'),(424,40.9668088,-5.6778173,NULL,'2015-04-18 07:56:48'),(425,40.9667949,-5.6777867,NULL,'2015-04-18 07:56:48'),(426,40.9667818,-5.6777583,NULL,'2015-04-18 07:56:48'),(427,40.9667654,-5.6777177,NULL,'2015-04-18 07:56:48'),(428,40.9667594,-5.6777041,NULL,'2015-04-18 07:56:48'),(429,40.9667527,-5.6776905,NULL,'2015-04-18 07:56:48'),(430,40.9667463,-5.6776774,NULL,'2015-04-18 07:56:48'),(431,40.9667394,-5.6776644,NULL,'2015-04-18 07:56:48'),(432,40.9667329,-5.6776520,NULL,'2015-04-18 07:56:48'),(433,40.9667261,-5.6776396,NULL,'2015-04-18 07:56:48'),(434,40.9667261,-5.6776396,NULL,'2015-04-18 07:56:48'),(435,40.9667261,-5.6776396,NULL,'2015-04-18 07:56:48'),(436,40.9661335,-5.6766641,NULL,'2015-04-18 07:56:48'),(437,40.9661231,-5.6766780,NULL,'2015-04-18 07:56:48'),(438,40.9661212,-5.6766775,NULL,'2015-04-18 07:56:48'),(439,40.9650199,-5.6752765,NULL,'2015-04-18 08:03:16'),(440,40.9650028,-5.6752119,NULL,'2015-04-18 08:03:16'),(441,40.9649884,-5.6751340,NULL,'2015-04-18 08:03:16'),(442,40.9649786,-5.6750649,NULL,'2015-04-18 08:03:16'),(443,40.9649594,-5.6750155,NULL,'2015-04-18 08:03:16'),(444,40.9649337,-5.6749614,NULL,'2015-04-18 08:03:16'),(445,40.9649225,-5.6749326,NULL,'2015-04-18 08:03:16'),(446,40.9649135,-5.6749024,NULL,'2015-04-18 08:03:16'),(447,40.9649092,-5.6748747,NULL,'2015-04-18 08:03:16'),(448,40.9649082,-5.6748496,NULL,'2015-04-18 08:03:16'),(449,40.9649066,-5.6748312,NULL,'2015-04-18 08:03:16'),(450,40.9649059,-5.6748133,NULL,'2015-04-18 08:03:16'),(451,40.9648914,-5.6747744,NULL,'2015-04-18 08:03:16'),(452,40.9648759,-5.6747413,NULL,'2015-04-18 08:03:16'),(453,40.9648578,-5.6747105,NULL,'2015-04-18 08:03:16'),(454,40.9648424,-5.6746787,NULL,'2015-04-18 08:03:16'),(455,40.9648318,-5.6746526,NULL,'2015-04-18 08:03:16'),(456,40.9648224,-5.6746201,NULL,'2015-04-18 08:03:16'),(457,40.9648139,-5.6745906,NULL,'2015-04-18 08:03:16'),(458,40.9649439,-5.6740194,NULL,'2015-04-18 08:03:16'),(459,40.9649439,-5.6740194,NULL,'2015-04-18 08:03:16'),(460,40.9649439,-5.6740194,NULL,'2015-04-18 08:03:16'),(461,40.9649439,-5.6740194,NULL,'2015-04-18 08:03:16'),(462,40.9649339,-5.6740258,NULL,'2015-04-18 08:03:16'),(463,40.9649226,-5.6740282,NULL,'2015-04-18 08:03:16'),(464,40.9649458,-5.6740233,NULL,'2015-04-18 08:03:16'),(465,40.9649640,-5.6740183,NULL,'2015-04-18 08:03:16'),(466,40.9649754,-5.6740170,NULL,'2015-04-18 08:03:16'),(467,40.9650189,-5.6739871,NULL,'2015-04-18 08:03:16'),(468,40.9650580,-5.6739597,NULL,'2015-04-18 08:03:16'),(469,40.9650888,-5.6739383,NULL,'2015-04-18 08:03:16'),(470,40.9651201,-5.6739117,NULL,'2015-04-18 08:03:16'),(471,40.9651467,-5.6738891,NULL,'2015-04-18 08:03:16'),(472,40.9651720,-5.6738707,NULL,'2015-04-18 08:03:16'),(473,40.9652139,-5.6738388,NULL,'2015-04-18 08:03:16'),(474,40.9652249,-5.6738294,NULL,'2015-04-18 08:03:17'),(475,40.9652414,-5.6738143,NULL,'2015-04-18 08:03:17'),(476,40.9652521,-5.6738040,NULL,'2015-04-18 08:03:17'),(477,40.9652623,-5.6737945,NULL,'2015-04-18 08:03:17'),(478,40.9652904,-5.6737679,NULL,'2015-04-18 08:03:17'),(479,40.9653059,-5.6737541,NULL,'2015-04-18 08:03:17'),(480,40.9653997,-5.6736204,NULL,'2015-04-18 08:03:17'),(481,40.9653997,-5.6736204,NULL,'2015-04-18 08:03:17'),(482,40.9653997,-5.6736204,NULL,'2015-04-18 08:03:17'),(483,40.9654211,-5.6735905,NULL,'2015-04-18 08:03:17'),(484,40.9654403,-5.6735743,NULL,'2015-04-18 08:03:17'),(485,40.9654604,-5.6735586,NULL,'2015-04-18 08:03:17'),(486,40.9654736,-5.6735482,NULL,'2015-04-18 08:03:17'),(487,40.9654850,-5.6735388,NULL,'2015-04-18 08:03:17'),(488,40.9654998,-5.6735258,NULL,'2015-04-18 08:03:17'),(489,40.9655092,-5.6735179,NULL,'2015-04-18 08:03:17'),(490,40.9655193,-5.6735094,NULL,'2015-04-18 08:03:17'),(491,40.9655193,-5.6735094,NULL,'2015-04-18 08:03:17'),(492,40.9655193,-5.6735094,NULL,'2015-04-18 08:03:17'),(493,40.9665119,-5.6727265,NULL,'2015-04-18 08:03:17'),(494,40.9664904,-5.6727394,NULL,'2015-04-18 08:03:17'),(495,40.9664801,-5.6727444,NULL,'2015-04-18 08:03:17'),(496,40.9664501,-5.6727681,NULL,'2015-04-18 08:03:17'),(497,40.9664446,-5.6727706,NULL,'2015-04-18 08:03:17'),(498,40.9664786,-5.6727366,NULL,'2015-04-18 08:03:17'),(499,40.9665308,-5.6726835,NULL,'2015-04-18 08:03:17'),(500,40.9665619,-5.6726523,NULL,'2015-04-18 08:03:17'),(501,40.9665807,-5.6726317,NULL,'2015-04-18 08:03:17'),(502,40.9665704,-5.6725996,NULL,'2015-04-18 08:03:17'),(503,40.9665604,-5.6725754,NULL,'2015-04-18 08:03:17'),(504,40.9665587,-5.6725590,NULL,'2015-04-18 08:03:17'),(505,40.9665590,-5.6725470,NULL,'2015-04-18 08:03:18'),(506,40.9665604,-5.6725387,NULL,'2015-04-18 08:03:18'),(507,40.9665631,-5.6725298,NULL,'2015-04-18 08:03:18'),(508,40.9665654,-5.6725175,NULL,'2015-04-18 08:03:18'),(509,40.9665662,-5.6725041,NULL,'2015-04-18 08:03:18'),(510,40.9665664,-5.6724952,NULL,'2015-04-18 08:03:18'),(511,40.9665640,-5.6724795,NULL,'2015-04-18 08:03:18'),(512,40.9665622,-5.6724690,NULL,'2015-04-18 08:03:18'),(513,40.9665542,-5.6724388,NULL,'2015-04-18 08:03:18'),(514,40.9665462,-5.6724105,NULL,'2015-04-18 08:03:18'),(515,40.9665380,-5.6723810,NULL,'2015-04-18 08:03:18'),(516,40.9665319,-5.6723574,NULL,'2015-04-18 08:03:18'),(517,40.9665236,-5.6723266,NULL,'2015-04-18 08:03:18'),(518,40.9665153,-5.6722998,NULL,'2015-04-18 08:03:18'),(519,40.9665086,-5.6722794,NULL,'2015-04-18 08:03:18'),(520,40.9665001,-5.6722525,NULL,'2015-04-18 08:03:18'),(521,40.9664922,-5.6722278,NULL,'2015-04-18 08:03:18'),(522,40.9662232,-5.6716178,NULL,'2015-04-18 08:03:18'),(523,40.9661630,-5.6697007,NULL,'2015-04-18 08:50:14'),(524,40.9661630,-5.6697007,NULL,'2015-04-18 08:50:14'),(525,40.9661630,-5.6697007,NULL,'2015-04-18 08:50:14'),(526,40.9662231,-5.6697086,NULL,'2015-04-18 08:50:14'),(527,40.9662231,-5.6697086,NULL,'2015-04-18 08:50:14'),(528,40.4273270,-3.6703530,NULL,'2015-04-18 09:16:33'),(529,40.4273270,-3.6703530,NULL,'2015-04-18 09:16:33'),(530,40.4273270,-3.6703530,NULL,'2015-04-18 09:16:33'),(531,40.4273270,-3.6703530,NULL,'2015-04-18 09:16:33'),(532,40.4273270,-3.6703530,NULL,'2015-04-18 09:16:33'),(533,40.4273270,-3.6703530,NULL,'2015-04-18 09:16:33'),(534,40.4273270,-3.6703530,NULL,'2015-04-18 09:16:33'),(535,40.4273270,-3.6703530,NULL,'2015-04-18 09:16:33'),(536,40.4273270,-3.6703530,NULL,'2015-04-18 09:16:33'),(537,40.4273270,-3.6703530,NULL,'2015-04-18 09:16:33'),(538,40.4273270,-3.6703530,NULL,'2015-04-18 09:16:33'),(539,40.4273270,-3.6703530,NULL,'2015-04-18 09:16:33'),(540,40.4273270,-3.6703530,NULL,'2015-04-18 09:16:33'),(541,40.4273270,-3.6703530,NULL,'2015-04-18 09:16:33'),(542,40.4273270,-3.6703530,NULL,'2015-04-18 09:16:33'),(543,40.4273270,-3.6703530,NULL,'2015-04-18 09:16:33'),(544,40.4273270,-3.6703530,NULL,'2015-04-18 09:16:33'),(545,40.4273270,-3.6703530,NULL,'2015-04-18 09:16:33'),(546,40.4273270,-3.6703530,NULL,'2015-04-18 09:16:34'),(547,40.4273270,-3.6703530,NULL,'2015-04-18 09:16:34'),(548,40.4273270,-3.6703530,NULL,'2015-04-18 09:16:34'),(549,40.4273270,-3.6703530,NULL,'2015-04-18 09:16:34'),(550,40.4273270,-3.6703530,NULL,'2015-04-18 09:16:34'),(551,40.4273270,-3.6703530,NULL,'2015-04-18 09:16:34'),(552,40.4273270,-3.6703530,NULL,'2015-04-18 09:16:34'),(553,40.4273270,-3.6703530,NULL,'2015-04-18 09:16:34'),(554,40.4273270,-3.6703530,NULL,'2015-04-18 09:16:34'),(555,40.4273270,-3.6703530,NULL,'2015-04-18 09:16:34'),(556,40.4273270,-3.6703530,NULL,'2015-04-18 09:16:34'),(557,40.4273270,-3.6703530,NULL,'2015-04-18 09:16:34'),(558,40.4273277,-3.6703591,NULL,'2015-04-18 09:16:34'),(559,40.4273326,-3.6703628,NULL,'2015-04-18 09:16:34'),(560,40.4273378,-3.6703611,NULL,'2015-04-18 09:16:34'),(561,40.4273446,-3.6703545,NULL,'2015-04-18 09:16:34'),(562,40.4273517,-3.6703493,NULL,'2015-04-18 09:16:34'),(563,40.4273990,-3.6702687,NULL,'2015-04-18 09:16:34'),(564,40.4273990,-3.6702687,NULL,'2015-04-18 09:16:34'),(565,40.4273990,-3.6702687,NULL,'2015-04-18 09:16:34'),(566,40.4273990,-3.6702687,NULL,'2015-04-18 09:16:34'),(567,40.4273990,-3.6702687,NULL,'2015-04-18 09:16:34'),(568,40.4273990,-3.6702687,NULL,'2015-04-18 09:16:34'),(569,40.4273990,-3.6702687,NULL,'2015-04-18 09:16:34'),(570,40.4273995,-3.6702715,NULL,'2015-04-18 09:16:34'),(571,40.4273918,-3.6702916,NULL,'2015-04-18 09:16:34'),(572,40.4273961,-3.6702961,NULL,'2015-04-18 09:16:34'),(573,40.4273982,-3.6702987,NULL,'2015-04-18 09:16:34'),(574,40.4273997,-3.6703007,NULL,'2015-04-18 09:16:34'),(575,40.4277586,-3.6695468,NULL,'2015-04-18 09:16:34'),(576,40.4277586,-3.6695468,NULL,'2015-04-18 09:16:35'),(577,40.4277586,-3.6695468,NULL,'2015-04-18 09:16:35'),(578,40.4277586,-3.6695468,NULL,'2015-04-18 09:16:35'),(579,40.4277586,-3.6695468,NULL,'2015-04-18 09:16:35'),(580,40.4277586,-3.6695468,NULL,'2015-04-18 09:16:35'),(581,40.4277586,-3.6695468,NULL,'2015-04-18 09:16:35'),(582,40.3913579,-3.6949601,NULL,'2015-04-18 09:48:42'),(583,40.3913720,-3.6949799,NULL,'2015-04-18 09:48:42'),(584,40.3913850,-3.6949977,NULL,'2015-04-18 09:48:42'),(585,40.3913854,-3.6950210,NULL,'2015-04-18 09:48:42'),(586,40.3913882,-3.6950433,NULL,'2015-04-18 09:48:42'),(587,40.3921514,-3.6965420,NULL,'2015-04-18 09:48:42'),(588,40.3921514,-3.6965420,NULL,'2015-04-18 09:48:42'),(589,40.3921514,-3.6965420,NULL,'2015-04-18 09:48:42'),(590,40.3921514,-3.6965420,NULL,'2015-04-18 09:48:42'),(591,40.3921514,-3.6965420,NULL,'2015-04-18 09:48:42'),(592,40.3921514,-3.6965420,NULL,'2015-04-18 09:48:42'),(593,40.3921514,-3.6965420,NULL,'2015-04-18 09:48:43'),(594,40.3921514,-3.6965420,NULL,'2015-04-18 09:48:43'),(595,40.3921514,-3.6965420,NULL,'2015-04-18 09:48:43'),(596,40.3921514,-3.6965420,NULL,'2015-04-18 09:48:43'),(597,40.3921514,-3.6965420,NULL,'2015-04-18 09:48:43'),(598,40.3921514,-3.6965420,NULL,'2015-04-18 09:48:43'),(599,40.3921514,-3.6965420,NULL,'2015-04-18 09:48:43'),(600,40.3921514,-3.6965420,NULL,'2015-04-18 09:48:43'),(601,40.3921514,-3.6965420,NULL,'2015-04-18 09:48:43'),(602,40.3921514,-3.6965420,NULL,'2015-04-18 09:48:43'),(603,40.3921514,-3.6965420,NULL,'2015-04-18 09:48:43'),(604,40.3921514,-3.6965420,NULL,'2015-04-18 09:48:43'),(605,40.3921514,-3.6965420,NULL,'2015-04-18 09:48:43'),(606,40.3921514,-3.6965420,NULL,'2015-04-18 09:48:43'),(607,40.3921514,-3.6965420,NULL,'2015-04-18 09:48:43'),(608,40.3921514,-3.6965420,NULL,'2015-04-18 09:48:43'),(609,40.3921514,-3.6965420,NULL,'2015-04-18 09:48:43'),(610,40.3921514,-3.6965420,NULL,'2015-04-18 09:48:43'),(611,40.3921514,-3.6965420,NULL,'2015-04-18 09:48:43'),(612,40.3921514,-3.6965420,NULL,'2015-04-18 09:48:43'),(613,40.3921514,-3.6965420,NULL,'2015-04-18 09:48:43'),(614,40.3921514,-3.6965420,NULL,'2015-04-18 09:48:43'),(615,40.3921514,-3.6965420,NULL,'2015-04-18 09:48:43'),(616,40.3921514,-3.6965420,NULL,'2015-04-18 09:48:43'),(617,40.3921514,-3.6965420,NULL,'2015-04-18 09:48:43'),(618,40.3921514,-3.6965420,NULL,'2015-04-18 09:48:43'),(619,40.3921514,-3.6965420,NULL,'2015-04-18 09:48:43'),(620,40.3921514,-3.6965420,NULL,'2015-04-18 09:48:43'),(621,40.4864912,-3.6917074,NULL,'2015-04-18 09:55:36'),(622,40.4864912,-3.6917074,NULL,'2015-04-18 09:55:36'),(623,40.4864951,-3.6916941,NULL,'2015-04-18 09:55:36'),(624,40.4888122,-3.6853673,NULL,'2015-04-18 09:55:36'),(625,40.4888122,-3.6853673,NULL,'2015-04-18 09:55:36'),(626,40.4888122,-3.6853673,NULL,'2015-04-18 09:55:36'),(627,40.4888122,-3.6853673,NULL,'2015-04-18 09:55:37'),(628,40.4888122,-3.6853673,NULL,'2015-04-18 09:55:37'),(629,40.4888122,-3.6853673,NULL,'2015-04-18 09:55:37'),(630,40.4888122,-3.6853673,NULL,'2015-04-18 09:55:37'),(631,40.4888122,-3.6853673,NULL,'2015-04-18 09:55:37'),(632,40.4888122,-3.6853673,NULL,'2015-04-18 09:55:37'),(633,40.4888122,-3.6853673,NULL,'2015-04-18 09:55:37'),(634,40.4888122,-3.6853673,NULL,'2015-04-18 09:55:37'),(635,40.4888122,-3.6853673,NULL,'2015-04-18 09:55:37'),(636,40.4888122,-3.6853673,NULL,'2015-04-18 09:55:37'),(637,40.4888122,-3.6853673,NULL,'2015-04-18 09:55:37'),(638,40.4888122,-3.6853673,NULL,'2015-04-18 09:55:37'),(639,40.4888122,-3.6853673,NULL,'2015-04-18 09:55:37'),(640,40.4888122,-3.6853673,NULL,'2015-04-18 09:55:37'),(641,40.4888122,-3.6853673,NULL,'2015-04-18 09:55:37'),(642,40.4888122,-3.6853673,NULL,'2015-04-18 09:55:37'),(643,40.4888122,-3.6853673,NULL,'2015-04-18 09:55:37'),(644,40.4888122,-3.6853673,NULL,'2015-04-18 09:55:37'),(645,40.4888122,-3.6853673,NULL,'2015-04-18 09:55:37'),(646,40.4888122,-3.6853673,NULL,'2015-04-18 09:55:37'),(647,40.4888122,-3.6853673,NULL,'2015-04-18 09:55:37'),(648,40.4888122,-3.6853673,NULL,'2015-04-18 09:55:37'),(649,40.4888122,-3.6853673,NULL,'2015-04-18 09:55:37'),(650,40.4888122,-3.6853673,NULL,'2015-04-18 09:55:37'),(651,40.4888122,-3.6853673,NULL,'2015-04-18 09:55:37'),(652,40.4888122,-3.6853673,NULL,'2015-04-18 09:55:37'),(653,40.4888122,-3.6853673,NULL,'2015-04-18 09:55:37'),(654,40.4888122,-3.6853673,NULL,'2015-04-18 09:55:37'),(655,40.4888122,-3.6853673,NULL,'2015-04-18 09:55:37'),(656,40.4888122,-3.6853673,NULL,'2015-04-18 09:55:37'),(657,40.4888122,-3.6853673,NULL,'2015-04-18 09:55:38'),(658,40.4888122,-3.6853673,NULL,'2015-04-18 09:55:38'),(659,40.4888122,-3.6853673,NULL,'2015-04-18 09:55:38'),(660,40.4888122,-3.6853673,NULL,'2015-04-18 09:55:38'),(661,40.4888122,-3.6853673,NULL,'2015-04-18 09:55:38'),(662,40.4888122,-3.6853673,NULL,'2015-04-18 09:55:38'),(663,40.4888122,-3.6853673,NULL,'2015-04-18 09:55:38'),(664,40.4888122,-3.6853673,NULL,'2015-04-18 09:55:38'),(665,40.4888122,-3.6853673,NULL,'2015-04-18 09:55:38'),(666,40.4888122,-3.6853673,NULL,'2015-04-18 09:55:38'),(667,40.4888122,-3.6853673,NULL,'2015-04-18 09:55:38'),(668,40.4888122,-3.6853673,NULL,'2015-04-18 09:55:38'),(669,40.4888122,-3.6853673,NULL,'2015-04-18 09:55:38'),(670,40.4888122,-3.6853673,NULL,'2015-04-18 09:55:38'),(671,40.4888122,-3.6853673,NULL,'2015-04-18 09:55:38'),(672,40.4888122,-3.6853673,NULL,'2015-04-18 09:55:38'),(673,40.4888122,-3.6853673,NULL,'2015-04-18 09:55:38'),(674,40.4888122,-3.6853673,NULL,'2015-04-18 09:55:38'),(675,40.4888122,-3.6853673,NULL,'2015-04-18 09:55:38'),(676,40.4888122,-3.6853673,NULL,'2015-04-18 09:55:38'),(677,40.4888122,-3.6853673,NULL,'2015-04-18 09:55:38'),(678,40.4888122,-3.6853673,NULL,'2015-04-18 09:55:38'),(679,40.4888122,-3.6853673,NULL,'2015-04-18 09:55:38'),(680,40.4889971,-3.6854389,NULL,'2015-04-18 09:55:38'),(681,40.4892281,-3.6855240,NULL,'2015-04-18 09:55:38'),(682,40.4893910,-3.6855840,NULL,'2015-04-18 09:55:38'),(683,40.4896996,-3.6856977,NULL,'2015-04-18 09:55:38'),(684,40.4900231,-3.6857833,NULL,'2015-04-18 09:55:38'),(685,40.4903122,-3.6858574,NULL,'2015-04-18 09:55:38'),(686,40.4905271,-3.6859234,NULL,'2015-04-18 09:55:38'),(687,40.4908558,-3.6860227,NULL,'2015-04-18 09:55:38'),(688,40.4910872,-3.6859187,NULL,'2015-04-18 09:55:38'),(689,40.4911396,-3.6861842,NULL,'2015-04-18 09:55:39'),(690,40.4912872,-3.6862489,NULL,'2015-04-18 09:55:39'),(691,40.4914717,-3.6863299,NULL,'2015-04-18 09:55:39'),(692,40.4916495,-3.6864078,NULL,'2015-04-18 09:55:39'),(693,40.4918380,-3.6864868,NULL,'2015-04-18 09:55:39'),(694,40.4920331,-3.6865671,NULL,'2015-04-18 09:55:39'),(695,40.4922218,-3.6866460,NULL,'2015-04-18 09:55:39'),(696,40.4923577,-3.6866900,NULL,'2015-04-18 09:55:39'),(697,40.4925394,-3.6867498,NULL,'2015-04-18 09:55:39'),(698,40.4927216,-3.6868107,NULL,'2015-04-18 09:55:39'),(699,40.4928431,-3.6868663,NULL,'2015-04-18 09:55:39'),(700,40.4930463,-3.6869591,NULL,'2015-04-18 09:55:39'),(701,40.4932492,-3.6870408,NULL,'2015-04-18 09:55:39'),(702,40.4935104,-3.6871443,NULL,'2015-04-18 09:55:39'),(703,40.4938038,-3.6872978,NULL,'2015-04-18 09:55:39'),(704,40.4939931,-3.6874211,NULL,'2015-04-18 09:55:39'),(705,40.4943050,-3.6875058,NULL,'2015-04-18 09:55:39'),(706,40.4944972,-3.6875498,NULL,'2015-04-18 09:55:40'),(707,40.4947696,-3.6876498,NULL,'2015-04-18 09:55:40'),(708,40.4950796,-3.6876942,NULL,'2015-04-18 09:55:40'),(709,40.4952305,-3.6877032,NULL,'2015-04-18 09:55:40'),(710,40.4954543,-3.6877187,NULL,'2015-04-18 09:55:40'),(711,40.4955322,-3.6876017,NULL,'2015-04-18 09:55:40'),(712,40.4954951,-3.6873326,NULL,'2015-04-18 09:55:40'),(713,40.4955390,-3.6871264,NULL,'2015-04-18 09:55:40'),(714,40.4955211,-3.6868761,NULL,'2015-04-18 09:55:40'),(715,40.4954873,-3.6865758,NULL,'2015-04-18 09:55:40'),(716,40.4954483,-3.6863153,NULL,'2015-04-18 09:55:40'),(717,40.4954152,-3.6860534,NULL,'2015-04-18 09:55:40'),(718,40.4953752,-3.6857297,NULL,'2015-04-18 09:55:40'),(719,40.4953335,-3.6854629,NULL,'2015-04-18 09:55:40'),(720,40.4955926,-3.6854006,NULL,'2015-04-18 09:55:40'),(721,40.4958580,-3.6853578,NULL,'2015-04-18 09:55:41'),(722,40.4960386,-3.6853592,NULL,'2015-04-18 09:55:41'),(723,40.4963118,-3.6854344,NULL,'2015-04-18 09:55:41'),(724,40.4964948,-3.6855176,NULL,'2015-04-18 09:55:41'),(725,40.4967005,-3.6855723,NULL,'2015-04-18 09:55:41'),(726,40.4968331,-3.6856067,NULL,'2015-04-18 09:55:41'),(727,40.4970330,-3.6855970,NULL,'2015-04-18 09:55:41'),(728,40.4972159,-3.6852540,NULL,'2015-04-18 09:55:41'),(729,40.4973316,-3.6850519,NULL,'2015-04-18 09:55:41'),(730,40.4974920,-3.6847554,NULL,'2015-04-18 09:55:41'),(731,40.4976872,-3.6843944,NULL,'2015-04-18 09:55:41'),(732,40.4978691,-3.6840590,NULL,'2015-04-18 09:55:41'),(733,40.4979433,-3.6839223,NULL,'2015-04-18 09:55:41'),(734,40.4981032,-3.6836662,NULL,'2015-04-18 09:55:41'),(735,40.4982969,-3.6833260,NULL,'2015-04-18 09:55:41'),(736,40.4984049,-3.6830802,NULL,'2015-04-18 09:55:41'),(737,40.4984727,-3.6828964,NULL,'2015-04-18 09:55:42'),(738,40.4984441,-3.6827228,NULL,'2015-04-18 09:55:42'),(739,40.4982617,-3.6826652,NULL,'2015-04-18 09:55:42'),(740,40.4980376,-3.6825943,NULL,'2015-04-18 09:55:42'),(741,40.4977791,-3.6825126,NULL,'2015-04-18 09:55:42'),(742,40.4974788,-3.6824177,NULL,'2015-04-18 09:55:42'),(743,40.4972602,-3.6823486,NULL,'2015-04-18 09:55:42'),(744,40.4969738,-3.6822581,NULL,'2015-04-18 09:55:42'),(745,40.4966724,-3.6821640,NULL,'2015-04-18 09:55:42'),(746,40.4963518,-3.6820658,NULL,'2015-04-18 09:55:42'),(747,40.4961329,-3.6819988,NULL,'2015-04-18 09:55:42'),(748,40.4958644,-3.6819166,NULL,'2015-04-18 09:55:42'),(749,40.4956510,-3.6818506,NULL,'2015-04-18 09:55:42'),(750,40.4954688,-3.6817932,NULL,'2015-04-18 09:55:42'),(751,40.4952720,-3.6817285,NULL,'2015-04-18 09:55:42'),(752,40.4950173,-3.6816449,NULL,'2015-04-18 09:55:42'),(753,40.4948684,-3.6815960,NULL,'2015-04-18 09:55:43'),(754,40.4946944,-3.6815404,NULL,'2015-04-18 09:55:43'),(755,40.4944922,-3.6814761,NULL,'2015-04-18 09:55:43'),(756,40.4942466,-3.6814115,NULL,'2015-04-18 09:55:43'),(757,40.4940642,-3.6813683,NULL,'2015-04-18 09:55:43'),(758,40.4937400,-3.6812729,NULL,'2015-04-18 09:55:43'),(759,40.4934652,-3.6811921,NULL,'2015-04-18 09:55:43'),(760,40.4931534,-3.6811004,NULL,'2015-04-18 09:55:43'),(761,40.4928305,-3.6810054,NULL,'2015-04-18 09:55:43'),(762,40.4925255,-3.6809157,NULL,'2015-04-18 09:55:43'),(763,40.4922798,-3.6808434,NULL,'2015-04-18 09:55:43'),(764,40.4921543,-3.6808065,NULL,'2015-04-18 09:55:43'),(765,40.4919176,-3.6807375,NULL,'2015-04-18 09:55:43'),(766,40.4917063,-3.6806765,NULL,'2015-04-18 09:55:43'),(767,40.4914239,-3.6805950,NULL,'2015-04-18 09:55:43'),(768,40.4911178,-3.6805067,NULL,'2015-04-18 09:55:43'),(769,40.4908129,-3.6804153,NULL,'2015-04-18 09:55:43'),(770,40.4906304,-3.6803601,NULL,'2015-04-18 09:55:43'),(771,40.4904059,-3.6802865,NULL,'2015-04-18 09:55:43'),(772,40.4902628,-3.6802396,NULL,'2015-04-18 09:55:43'),(773,40.4900773,-3.6801788,NULL,'2015-04-18 09:55:43'),(774,40.4898823,-3.6801148,NULL,'2015-04-18 09:55:43'),(775,40.4896890,-3.6800514,NULL,'2015-04-18 09:55:43'),(776,40.4894859,-3.6799849,NULL,'2015-04-18 09:55:43'),(777,40.4892396,-3.6798998,NULL,'2015-04-18 09:55:43'),(778,40.4891199,-3.6798422,NULL,'2015-04-18 09:55:43'),(779,40.4889094,-3.6797411,NULL,'2015-04-18 09:55:44'),(780,40.4886958,-3.6796387,NULL,'2015-04-18 09:55:44'),(781,40.4884971,-3.6795462,NULL,'2015-04-18 09:55:44'),(782,40.4883133,-3.6794606,NULL,'2015-04-18 09:55:44'),(783,40.4880139,-3.6793212,NULL,'2015-04-18 09:55:44'),(784,40.4877460,-3.6791965,NULL,'2015-04-18 09:55:44'),(785,40.4875358,-3.6790986,NULL,'2015-04-18 09:55:44'),(786,40.4872179,-3.6789506,NULL,'2015-04-18 09:55:44'),(787,40.4869090,-3.6788068,NULL,'2015-04-18 09:55:44'),(788,40.4866971,-3.6787082,NULL,'2015-04-18 09:55:44'),(789,40.4863821,-3.6785615,NULL,'2015-04-18 09:55:44'),(790,40.4860736,-3.6784179,NULL,'2015-04-18 09:55:44'),(791,40.4858674,-3.6783219,NULL,'2015-04-18 09:55:44'),(792,40.4855820,-3.6781896,NULL,'2015-04-18 09:55:44'),(793,40.4853517,-3.6780808,NULL,'2015-04-18 09:55:44'),(794,40.4853585,-3.6780519,NULL,'2015-04-18 09:55:44'),(795,40.4855119,-3.6783365,NULL,'2015-04-18 09:55:44'),(796,40.4857491,-3.6786240,NULL,'2015-04-18 09:55:44'),(797,40.4858709,-3.6787331,NULL,'2015-04-18 09:55:44'),(798,40.4860258,-3.6788717,NULL,'2015-04-18 09:55:44'),(799,40.4861926,-3.6790211,NULL,'2015-04-18 09:55:44'),(800,40.4863975,-3.6792045,NULL,'2015-04-18 09:55:44'),(801,40.4865805,-3.6793678,NULL,'2015-04-18 09:55:44'),(802,40.4866935,-3.6794657,NULL,'2015-04-18 09:55:44'),(803,40.4869012,-3.6796654,NULL,'2015-04-18 09:55:44'),(804,40.4870637,-3.6798237,NULL,'2015-04-18 09:55:45'),(805,40.4872118,-3.6799745,NULL,'2015-04-18 09:55:45'),(806,40.4874027,-3.6801919,NULL,'2015-04-18 09:55:45'),(807,40.4875651,-3.6803967,NULL,'2015-04-18 09:55:45'),(808,40.4876935,-3.6805636,NULL,'2015-04-18 09:55:45'),(809,40.4879305,-3.6808708,NULL,'2015-04-18 09:55:45'),(810,40.4881513,-3.6811568,NULL,'2015-04-18 09:55:45'),(811,40.4883694,-3.6814393,NULL,'2015-04-18 09:55:45'),(812,40.4885330,-3.6816416,NULL,'2015-04-18 09:55:45'),(813,40.4887257,-3.6819653,NULL,'2015-04-18 09:55:45'),(814,40.4889359,-3.6823121,NULL,'2015-04-18 09:55:45'),(815,40.4891319,-3.6826352,NULL,'2015-04-18 09:55:45'),(816,40.4893260,-3.6829475,NULL,'2015-04-18 09:55:45'),(817,40.4894222,-3.6831204,NULL,'2015-04-18 09:55:45'),(818,40.4895783,-3.6833948,NULL,'2015-04-18 09:55:45'),(819,40.4897315,-3.6836020,NULL,'2015-04-18 09:55:45'),(820,40.4898205,-3.6837207,NULL,'2015-04-18 09:55:45'),(821,40.4899919,-3.6839158,NULL,'2015-04-18 09:55:45'),(822,40.4901436,-3.6840734,NULL,'2015-04-18 09:55:45'),(823,40.4902922,-3.6842234,NULL,'2015-04-18 09:55:45'),(824,40.4904559,-3.6843932,NULL,'2015-04-18 09:55:45'),(825,40.4906439,-3.6845868,NULL,'2015-04-18 09:55:45'),(826,40.4907557,-3.6847122,NULL,'2015-04-18 09:55:45'),(827,40.4909991,-3.6849853,NULL,'2015-04-18 09:55:45'),(828,40.4911093,-3.6853887,NULL,'2015-04-18 09:55:45'),(829,40.4911008,-3.6857726,NULL,'2015-04-18 09:55:45'),(830,40.4911119,-3.6860553,NULL,'2015-04-18 09:55:45'),(831,40.4910142,-3.6863742,NULL,'2015-04-18 09:55:45'),(832,40.4908262,-3.6862459,NULL,'2015-04-18 09:55:45'),(833,40.4906691,-3.6861634,NULL,'2015-04-18 09:55:45'),(834,40.4903805,-3.6860118,NULL,'2015-04-18 09:55:46'),(835,40.4900751,-3.6858865,NULL,'2015-04-18 09:55:46'),(836,40.4898279,-3.6857454,NULL,'2015-04-18 09:55:46'),(837,40.4896420,-3.6856765,NULL,'2015-04-18 09:55:46'),(838,40.4894260,-3.6855969,NULL,'2015-04-18 09:55:46'),(839,40.4891144,-3.6854821,NULL,'2015-04-18 09:55:46'),(840,40.4888983,-3.6854006,NULL,'2015-04-18 09:55:46'),(841,40.4886061,-3.6852875,NULL,'2015-04-18 09:55:46'),(842,40.4882980,-3.6851682,NULL,'2015-04-18 09:55:46'),(843,40.4880188,-3.6850602,NULL,'2015-04-18 09:55:46'),(844,40.4878010,-3.6849759,NULL,'2015-04-18 09:55:46'),(845,40.4875073,-3.6848663,NULL,'2015-04-18 09:55:46'),(846,40.4873111,-3.6847935,NULL,'2015-04-18 09:55:46'),(847,40.4870454,-3.6846950,NULL,'2015-04-18 09:55:46'),(848,40.4867631,-3.6845884,NULL,'2015-04-18 09:55:46'),(849,40.4864549,-3.6844708,NULL,'2015-04-18 09:55:46'),(850,40.4861809,-3.6843669,NULL,'2015-04-18 09:55:46'),(851,40.4858765,-3.6842514,NULL,'2015-04-18 09:55:46'),(852,40.4856718,-3.6842106,NULL,'2015-04-18 09:55:46'),(853,40.4853528,-3.6841109,NULL,'2015-04-18 09:55:46'),(854,40.4850670,-3.6840248,NULL,'2015-04-18 09:55:46'),(855,40.4848453,-3.6837460,NULL,'2015-04-18 09:55:46'),(856,40.4847512,-3.6835341,NULL,'2015-04-18 09:55:46'),(857,40.4845220,-3.6832573,NULL,'2015-04-18 09:55:46'),(858,40.4842937,-3.6829937,NULL,'2015-04-18 09:55:46'),(859,40.4840465,-3.6827622,NULL,'2015-04-18 09:55:46'),(860,40.4838475,-3.6826643,NULL,'2015-04-18 09:55:46'),(861,40.4835952,-3.6826429,NULL,'2015-04-18 09:55:46'),(862,40.4834186,-3.6826550,NULL,'2015-04-18 09:55:46'),(863,40.4832147,-3.6827030,NULL,'2015-04-18 09:55:46'),(864,40.4830176,-3.6827530,NULL,'2015-04-18 09:55:47'),(865,40.4827737,-3.6828068,NULL,'2015-04-18 09:55:47'),(866,40.4826000,-3.6828457,NULL,'2015-04-18 09:55:47'),(867,40.4823574,-3.6829031,NULL,'2015-04-18 09:55:47'),(868,40.4820827,-3.6829718,NULL,'2015-04-18 09:55:47'),(869,40.4817840,-3.6830464,NULL,'2015-04-18 09:55:47'),(870,40.4815810,-3.6830972,NULL,'2015-04-18 09:55:47'),(871,40.4812676,-3.6831752,NULL,'2015-04-18 09:55:47'),(872,40.4810618,-3.6832281,NULL,'2015-04-18 09:55:47'),(873,40.4809317,-3.6832687,NULL,'2015-04-18 09:55:47'),(874,40.4807180,-3.6833348,NULL,'2015-04-18 09:55:47'),(875,40.4804831,-3.6834113,NULL,'2015-04-18 09:55:47'),(876,40.4802090,-3.6835043,NULL,'2015-04-18 09:55:47'),(877,40.4800139,-3.6835451,NULL,'2015-04-18 09:55:47'),(878,40.4797262,-3.6836052,NULL,'2015-04-18 09:55:47'),(879,40.4794058,-3.6836721,NULL,'2015-04-18 09:55:47'),(880,40.4790809,-3.6837399,NULL,'2015-04-18 09:55:47'),(881,40.4788725,-3.6837835,NULL,'2015-04-18 09:55:47'),(882,40.4786589,-3.6838281,NULL,'2015-04-18 09:55:47'),(883,40.4784736,-3.6838642,NULL,'2015-04-18 09:55:47'),(884,40.4782408,-3.6839095,NULL,'2015-04-18 09:55:47'),(885,40.4779907,-3.6839581,NULL,'2015-04-18 09:55:47'),(886,40.4778391,-3.6839889,NULL,'2015-04-18 09:55:47'),(887,40.4776188,-3.6840349,NULL,'2015-04-18 09:55:47'),(888,40.4773332,-3.6840946,NULL,'2015-04-18 09:55:47'),(889,40.4770898,-3.6841454,NULL,'2015-04-18 09:55:47'),(890,40.4769048,-3.6841841,NULL,'2015-04-18 09:55:47'),(891,40.4767704,-3.6842121,NULL,'2015-04-18 09:55:47'),(892,40.4765784,-3.6842522,NULL,'2015-04-18 09:55:47'),(893,40.4763584,-3.6842982,NULL,'2015-04-18 09:55:47'),(894,40.4761499,-3.6843426,NULL,'2015-04-18 09:55:47'),(895,40.4760114,-3.6843721,NULL,'2015-04-18 09:55:47'),(896,40.4757795,-3.6844215,NULL,'2015-04-18 09:55:47'),(897,40.4754762,-3.6844838,NULL,'2015-04-18 09:55:48'),(898,40.4751608,-3.6845500,NULL,'2015-04-18 09:55:48'),(899,40.4749617,-3.6845947,NULL,'2015-04-18 09:55:48'),(900,40.4746861,-3.6846558,NULL,'2015-04-18 09:55:48'),(901,40.4744179,-3.6847399,NULL,'2015-04-18 09:55:48'),(902,40.4741292,-3.6849329,NULL,'2015-04-18 09:55:48'),(903,40.4738613,-3.6851151,NULL,'2015-04-18 09:55:48'),(904,40.4737828,-3.6849668,NULL,'2015-04-18 09:55:48'),(905,40.4737164,-3.6846441,NULL,'2015-04-18 09:55:48'),(906,40.4736431,-3.6842464,NULL,'2015-04-18 09:55:48'),(907,40.4733998,-3.6840125,NULL,'2015-04-18 09:55:48'),(908,40.4731789,-3.6840677,NULL,'2015-04-18 09:55:48'),(909,40.4728441,-3.6841075,NULL,'2015-04-18 09:55:48'),(910,40.4725777,-3.6841172,NULL,'2015-04-18 09:55:48'),(911,40.4723556,-3.6841254,NULL,'2015-04-18 09:55:48'),(912,40.4721786,-3.6841214,NULL,'2015-04-18 09:55:48'),(913,40.4718817,-3.6840017,NULL,'2015-04-18 09:55:48'),(914,40.4717275,-3.6836335,NULL,'2015-04-18 09:55:48'),(915,40.4716480,-3.6832158,NULL,'2015-04-18 09:55:48'),(916,40.4715929,-3.6829292,NULL,'2015-04-18 09:55:48'),(917,40.4715270,-3.6826333,NULL,'2015-04-18 09:55:48'),(918,40.4714655,-3.6823748,NULL,'2015-04-18 09:55:48'),(919,40.4714242,-3.6821890,NULL,'2015-04-18 09:55:48'),(920,40.4713509,-3.6818887,NULL,'2015-04-18 09:55:48'),(921,40.4712887,-3.6816434,NULL,'2015-04-18 09:55:48'),(922,40.4712307,-3.6814044,NULL,'2015-04-18 09:55:48'),(923,40.4711727,-3.6811544,NULL,'2015-04-18 09:55:48'),(924,40.4711182,-3.6809168,NULL,'2015-04-18 09:55:48'),(925,40.4710820,-3.6807597,NULL,'2015-04-18 09:55:48'),(926,40.4710341,-3.6805170,NULL,'2015-04-18 09:55:49'),(927,40.4710265,-3.6802227,NULL,'2015-04-18 09:55:49'),(928,40.4710697,-3.6799706,NULL,'2015-04-18 09:55:49'),(929,40.4711380,-3.6798338,NULL,'2015-04-18 09:55:49'),(930,40.4712834,-3.6796715,NULL,'2015-04-18 09:55:49'),(931,40.4714554,-3.6795628,NULL,'2015-04-18 09:55:49'),(932,40.4715716,-3.6795025,NULL,'2015-04-18 09:55:49'),(933,40.4717460,-3.6794127,NULL,'2015-04-18 09:55:49'),(934,40.4719253,-3.6793204,NULL,'2015-04-18 09:55:49'),(935,40.4721329,-3.6792136,NULL,'2015-04-18 09:55:49'),(936,40.4723136,-3.6791310,NULL,'2015-04-18 09:55:49'),(937,40.4725245,-3.6790352,NULL,'2015-04-18 09:55:49'),(938,40.4726781,-3.6789639,NULL,'2015-04-18 09:55:49'),(939,40.4728621,-3.6788967,NULL,'2015-04-18 09:55:49'),(940,40.4729664,-3.6788564,NULL,'2015-04-18 09:55:49'),(941,40.4732281,-3.6787554,NULL,'2015-04-18 09:55:49'),(942,40.4734593,-3.6786708,NULL,'2015-04-18 09:55:49'),(943,40.4735914,-3.6784914,NULL,'2015-04-18 09:55:49'),(944,40.4735442,-3.6781071,NULL,'2015-04-18 09:55:49'),(945,40.4733695,-3.6777431,NULL,'2015-04-18 09:55:49'),(946,40.4732857,-3.6775698,NULL,'2015-04-18 09:55:49'),(947,40.4731839,-3.6773611,NULL,'2015-04-18 09:55:49'),(948,40.4730835,-3.6771532,NULL,'2015-04-18 09:55:49'),(949,40.4730173,-3.6770140,NULL,'2015-04-18 09:55:49'),(950,40.4729162,-3.6768012,NULL,'2015-04-18 09:55:49'),(951,40.4727946,-3.6765454,NULL,'2015-04-18 09:55:49'),(952,40.4726540,-3.6762494,NULL,'2015-04-18 09:55:49'),(953,40.4725410,-3.6760805,NULL,'2015-04-18 09:55:49'),(954,40.4725010,-3.6758289,NULL,'2015-04-18 09:55:49'),(955,40.4726191,-3.6757332,NULL,'2015-04-18 09:55:49'),(956,40.4727922,-3.6758166,NULL,'2015-04-18 09:55:50'),(957,40.4729948,-3.6757860,NULL,'2015-04-18 09:55:50'),(958,40.4733254,-3.6758219,NULL,'2015-04-18 09:55:50'),(959,40.4735882,-3.6758581,NULL,'2015-04-18 09:55:50'),(960,40.4738094,-3.6758766,NULL,'2015-04-18 09:55:50'),(961,40.4739519,-3.6758935,NULL,'2015-04-18 09:55:50'),(962,40.4741452,-3.6759096,NULL,'2015-04-18 09:55:50'),(963,40.4744061,-3.6759362,NULL,'2015-04-18 09:55:50'),(964,40.4747064,-3.6759621,NULL,'2015-04-18 09:55:50'),(965,40.4750422,-3.6759617,NULL,'2015-04-18 09:55:50'),(966,40.4752503,-3.6759207,NULL,'2015-04-18 09:55:50'),(967,40.4755838,-3.6758549,NULL,'2015-04-18 09:55:50'),(968,40.4759033,-3.6757919,NULL,'2015-04-18 09:55:50'),(969,40.4761256,-3.6757480,NULL,'2015-04-18 09:55:50'),(970,40.4763708,-3.6756997,NULL,'2015-04-18 09:55:50'),(971,40.4766411,-3.6756426,NULL,'2015-04-18 09:55:50'),(972,40.4768131,-3.6756057,NULL,'2015-04-18 09:55:50'),(973,40.4770901,-3.6755485,NULL,'2015-04-18 09:55:50'),(974,40.4773862,-3.6754913,NULL,'2015-04-18 09:55:50'),(975,40.4776460,-3.6754560,NULL,'2015-04-18 09:55:50'),(976,40.4779758,-3.6754480,NULL,'2015-04-18 09:55:50'),(977,40.4781987,-3.6754874,NULL,'2015-04-18 09:55:50'),(978,40.4784939,-3.6755395,NULL,'2015-04-18 09:55:50'),(979,40.4788183,-3.6755880,NULL,'2015-04-18 09:55:50'),(980,40.4791371,-3.6756310,NULL,'2015-04-18 09:55:50'),(981,40.4794413,-3.6756720,NULL,'2015-04-18 09:55:50'),(982,40.4795173,-3.6754631,NULL,'2015-04-18 09:55:50'),(983,40.4794490,-3.6751496,NULL,'2015-04-18 09:55:50'),(984,40.4792713,-3.6749895,NULL,'2015-04-18 09:55:50'),(985,40.4794033,-3.6751344,NULL,'2015-04-18 09:55:50'),(986,40.4795223,-3.6754002,NULL,'2015-04-18 09:55:50'),(987,40.4795044,-3.6756238,NULL,'2015-04-18 09:55:50'),(988,40.4796555,-3.6757045,NULL,'2015-04-18 09:55:50'),(989,40.4798785,-3.6757397,NULL,'2015-04-18 09:55:50'),(990,40.4800747,-3.6757754,NULL,'2015-04-18 09:55:50'),(991,40.4802865,-3.6756911,NULL,'2015-04-18 09:55:50'),(992,40.4804203,-3.6756572,NULL,'2015-04-18 09:55:50'),(993,40.4806676,-3.6755269,NULL,'2015-04-18 09:55:51'),(994,40.4806523,-3.6750919,NULL,'2015-04-18 09:55:51'),(995,40.4805740,-3.6746839,NULL,'2015-04-18 09:55:51'),(996,40.4804733,-3.6742824,NULL,'2015-04-18 09:55:51'),(997,40.4804286,-3.6740638,NULL,'2015-04-18 09:55:51'),(998,40.4803692,-3.6738306,NULL,'2015-04-18 09:55:51'),(999,40.4802944,-3.6735579,NULL,'2015-04-18 09:55:51'),(1000,40.4801847,-3.6731575,NULL,'2015-04-18 09:55:51'),(1001,40.4800958,-3.6729549,NULL,'2015-04-18 09:55:51'),(1002,40.4799310,-3.6727015,NULL,'2015-04-18 09:55:51'),(1003,40.4797043,-3.6724808,NULL,'2015-04-18 09:55:51'),(1004,40.4795147,-3.6723152,NULL,'2015-04-18 09:55:51'),(1005,40.4793926,-3.6722385,NULL,'2015-04-18 09:55:51'),(1006,40.4792161,-3.6721319,NULL,'2015-04-18 09:55:51'),(1007,40.9577840,-5.6667782,NULL,'2015-04-18 10:23:01'),(1008,40.4396745,-3.6997209,NULL,'2015-04-18 10:23:19'),(1009,40.4396539,-3.6995613,NULL,'2015-04-18 10:23:19'),(1010,40.4396539,-3.6995613,NULL,'2015-04-18 10:23:19'),(1011,40.4396313,-3.6995040,NULL,'2015-04-18 10:23:19'),(1012,40.4396313,-3.6995040,NULL,'2015-04-18 10:23:19'),(1013,40.4396182,-3.6994709,NULL,'2015-04-18 10:23:19'),(1014,40.4396996,-3.6993364,NULL,'2015-04-18 10:23:19'),(1015,40.4396996,-3.6993364,NULL,'2015-04-18 10:23:20'),(1016,40.4396996,-3.6993364,NULL,'2015-04-18 10:23:20'),(1017,40.4396996,-3.6993364,NULL,'2015-04-18 10:23:20'),(1018,40.4397049,-3.6993272,NULL,'2015-04-18 10:23:20'),(1019,40.4397269,-3.6993159,NULL,'2015-04-18 10:23:20'),(1020,40.4397469,-3.6993060,NULL,'2015-04-18 10:23:20'),(1021,40.4397647,-3.6992968,NULL,'2015-04-18 10:23:20'),(1022,40.4397808,-3.6992899,NULL,'2015-04-18 10:23:20'),(1023,40.4397947,-3.6992832,NULL,'2015-04-18 10:23:20'),(1024,40.4398081,-3.6992788,NULL,'2015-04-18 10:23:20'),(1025,40.4398242,-3.6992706,NULL,'2015-04-18 10:23:20'),(1026,40.4398392,-3.6992620,NULL,'2015-04-18 10:23:20'),(1027,40.4398501,-3.6992564,NULL,'2015-04-18 10:23:20'),(1028,40.4398604,-3.6992514,NULL,'2015-04-18 10:23:20'),(1029,40.4398604,-3.6992514,NULL,'2015-04-18 10:23:20'),(1030,40.4398946,-3.6992460,NULL,'2015-04-18 10:23:20'),(1031,40.4398946,-3.6992460,NULL,'2015-04-18 10:23:20'),(1032,40.4398946,-3.6992460,NULL,'2015-04-18 10:23:20'),(1033,40.4398946,-3.6992460,NULL,'2015-04-18 10:23:20'),(1034,40.4399359,-3.6992383,NULL,'2015-04-18 10:23:20'),(1035,40.4399716,-3.6992270,NULL,'2015-04-18 10:23:20'),(1036,40.4400010,-3.6992180,NULL,'2015-04-18 10:23:20'),(1037,40.4400283,-3.6992093,NULL,'2015-04-18 10:23:20'),(1038,40.4400741,-3.6991991,NULL,'2015-04-18 10:23:20'),(1039,40.4400741,-3.6991991,NULL,'2015-04-18 10:23:20'),(1040,40.4401317,-3.6991877,NULL,'2015-04-18 10:23:20'),(1041,40.4401317,-3.6991877,NULL,'2015-04-18 10:23:20'),(1042,40.4401761,-3.6991780,NULL,'2015-04-18 10:23:20'),(1043,40.4401761,-3.6991780,NULL,'2015-04-18 10:23:20'),(1044,40.4401761,-3.6991780,NULL,'2015-04-18 10:23:20'),(1045,40.4401761,-3.6991780,NULL,'2015-04-18 10:23:20'),(1046,40.4401978,-3.6991741,NULL,'2015-04-18 10:23:21'),(1047,40.4402181,-3.6991709,NULL,'2015-04-18 10:23:21'),(1048,40.4402360,-3.6991678,NULL,'2015-04-18 10:23:21'),(1049,40.4400412,-3.7006971,NULL,'2015-04-18 10:23:21'),(1050,40.4400412,-3.7006971,NULL,'2015-04-18 10:23:21'),(1051,40.4400412,-3.7006971,NULL,'2015-04-18 10:23:21'),(1052,40.4400412,-3.7006971,NULL,'2015-04-18 10:23:21'),(1053,40.4400412,-3.7006971,NULL,'2015-04-18 10:23:21'),(1054,40.4400412,-3.7006971,NULL,'2015-04-18 10:23:21'),(1055,40.4400412,-3.7006971,NULL,'2015-04-18 10:23:21'),(1056,40.4400412,-3.7006971,NULL,'2015-04-18 10:23:21'),(1057,40.4400412,-3.7006971,NULL,'2015-04-18 10:23:21'),(1058,40.4400412,-3.7006971,NULL,'2015-04-18 10:23:21'),(1059,40.4400412,-3.7006971,NULL,'2015-04-18 10:23:21'),(1060,40.4400412,-3.7006971,NULL,'2015-04-18 10:23:21'),(1061,40.4400412,-3.7006971,NULL,'2015-04-18 10:23:21'),(1062,40.4400412,-3.7006971,NULL,'2015-04-18 10:23:21'),(1063,40.4400412,-3.7006971,NULL,'2015-04-18 10:23:21'),(1064,40.4400412,-3.7006971,NULL,'2015-04-18 10:23:21'),(1065,40.4400412,-3.7006971,NULL,'2015-04-18 10:23:21'),(1066,40.4400412,-3.7006971,NULL,'2015-04-18 10:23:21'),(1067,40.4400412,-3.7006971,NULL,'2015-04-18 10:23:21'),(1068,40.4400412,-3.7006971,NULL,'2015-04-18 10:23:21'),(1069,40.4400412,-3.7006971,NULL,'2015-04-18 10:23:21'),(1070,40.4400412,-3.7006971,NULL,'2015-04-18 10:23:21'),(1071,40.4400412,-3.7006971,NULL,'2015-04-18 10:23:21'),(1072,40.4400412,-3.7006971,NULL,'2015-04-18 10:23:21'),(1073,40.4400412,-3.7006971,NULL,'2015-04-18 10:23:21'),(1074,40.4400412,-3.7006971,NULL,'2015-04-18 10:23:21'),(1075,40.4400412,-3.7006971,NULL,'2015-04-18 10:23:21'),(1076,40.4400412,-3.7006971,NULL,'2015-04-18 10:23:21'),(1077,40.4400412,-3.7006971,NULL,'2015-04-18 10:23:21'),(1078,40.4400412,-3.7006971,NULL,'2015-04-18 10:23:21'),(1079,40.4400412,-3.7006971,NULL,'2015-04-18 10:23:21'),(1080,40.4400412,-3.7006971,NULL,'2015-04-18 10:23:21'),(1081,40.4400412,-3.7006971,NULL,'2015-04-18 10:23:21'),(1082,40.4400412,-3.7006971,NULL,'2015-04-18 10:23:21'),(1083,40.4400412,-3.7006971,NULL,'2015-04-18 10:23:22'),(1084,40.4400412,-3.7006971,NULL,'2015-04-18 10:23:22'),(1085,40.4400412,-3.7006971,NULL,'2015-04-18 10:23:22'),(1086,40.4400412,-3.7006971,NULL,'2015-04-18 10:23:22'),(1087,40.4400412,-3.7006971,NULL,'2015-04-18 10:23:22'),(1088,40.4400412,-3.7006971,NULL,'2015-04-18 10:23:22'),(1089,40.4400412,-3.7006971,NULL,'2015-04-18 10:23:22'),(1090,40.4400412,-3.7006971,NULL,'2015-04-18 10:23:22'),(1091,40.4400412,-3.7006971,NULL,'2015-04-18 10:23:22'),(1092,40.4400412,-3.7006971,NULL,'2015-04-18 10:23:22'),(1093,40.4400412,-3.7006971,NULL,'2015-04-18 10:23:22'),(1094,40.4400412,-3.7006971,NULL,'2015-04-18 10:23:22'),(1095,40.4400412,-3.7006971,NULL,'2015-04-18 10:23:22'),(1096,40.4400412,-3.7006971,NULL,'2015-04-18 10:23:22'),(1097,40.4400412,-3.7006971,NULL,'2015-04-18 10:23:22'),(1098,40.4400412,-3.7006971,NULL,'2015-04-18 10:23:22'),(1099,40.4400412,-3.7006971,NULL,'2015-04-18 10:23:22'),(1100,40.4400412,-3.7006971,NULL,'2015-04-18 10:23:22'),(1101,40.4400412,-3.7006971,NULL,'2015-04-18 10:23:22'),(1102,40.4400412,-3.7006971,NULL,'2015-04-18 10:23:22'),(1103,40.4400412,-3.7006971,NULL,'2015-04-18 10:23:22'),(1104,40.4400412,-3.7006971,NULL,'2015-04-18 10:23:22'),(1105,40.4400412,-3.7006971,NULL,'2015-04-18 10:23:22'),(1106,40.4400412,-3.7006971,NULL,'2015-04-18 10:23:22'),(1107,40.4400412,-3.7006971,NULL,'2015-04-18 10:23:22'),(1108,40.4400412,-3.7006971,NULL,'2015-04-18 10:23:22'),(1109,40.4400412,-3.7006971,NULL,'2015-04-18 10:23:22'),(1110,40.4400412,-3.7006971,NULL,'2015-04-18 10:23:22'),(1111,40.4400412,-3.7006971,NULL,'2015-04-18 10:23:23'),(1112,40.4400412,-3.7006971,NULL,'2015-04-18 10:23:23'),(1113,40.4400412,-3.7006971,NULL,'2015-04-18 10:23:23'),(1114,40.4400412,-3.7006971,NULL,'2015-04-18 10:23:23'),(1115,40.4400412,-3.7006971,NULL,'2015-04-18 10:23:23'),(1116,40.4400412,-3.7006971,NULL,'2015-04-18 10:23:23'),(1117,40.4400412,-3.7006971,NULL,'2015-04-18 10:23:23'),(1118,40.4400412,-3.7006971,NULL,'2015-04-18 10:23:23'),(1119,40.4400412,-3.7006971,NULL,'2015-04-18 10:23:23'),(1120,40.4400412,-3.7006971,NULL,'2015-04-18 10:23:23'),(1121,40.4400412,-3.7006971,NULL,'2015-04-18 10:23:23'),(1122,40.4400412,-3.7006971,NULL,'2015-04-18 10:23:23'),(1123,40.4400412,-3.7006971,NULL,'2015-04-18 10:23:23'),(1124,40.4400412,-3.7006971,NULL,'2015-04-18 10:23:23'),(1125,40.4400412,-3.7006971,NULL,'2015-04-18 10:23:23'),(1126,40.4400412,-3.7006971,NULL,'2015-04-18 10:23:23'),(1127,40.4400412,-3.7006971,NULL,'2015-04-18 10:23:23'),(1128,40.4400412,-3.7006971,NULL,'2015-04-18 10:23:23'),(1129,40.4400412,-3.7006971,NULL,'2015-04-18 10:23:23'),(1130,40.4400412,-3.7006971,NULL,'2015-04-18 10:23:23'),(1131,40.4400412,-3.7006971,NULL,'2015-04-18 10:23:23'),(1132,40.4400412,-3.7006971,NULL,'2015-04-18 10:23:23'),(1133,40.4400412,-3.7006971,NULL,'2015-04-18 10:23:23'),(1134,40.4400412,-3.7006971,NULL,'2015-04-18 10:23:23'),(1135,40.4400412,-3.7006971,NULL,'2015-04-18 10:23:23'),(1136,40.9658890,-5.6692437,NULL,'2015-04-18 10:33:16'),(1137,40.9658890,-5.6692437,NULL,'2015-04-18 10:33:16'),(1138,40.9658890,-5.6692437,NULL,'2015-04-18 10:33:16'),(1139,40.9658890,-5.6692437,NULL,'2015-04-18 10:33:16'),(1140,40.9658890,-5.6692437,NULL,'2015-04-18 10:33:16'),(1141,40.9658877,-5.6692486,NULL,'2015-04-18 10:33:17'),(1142,40.9658870,-5.6692582,NULL,'2015-04-18 10:33:17'),(1143,40.9658870,-5.6692582,NULL,'2015-04-18 10:33:17'),(1144,40.9658873,-5.6692708,NULL,'2015-04-18 10:33:17'),(1145,40.9658873,-5.6692708,NULL,'2015-04-18 10:33:17'),(1146,40.9658867,-5.6692738,NULL,'2015-04-18 10:33:17'),(1147,40.9658862,-5.6692759,NULL,'2015-04-18 10:33:18'),(1148,40.9658862,-5.6692743,NULL,'2015-04-18 10:33:18'),(1149,40.9658862,-5.6692743,NULL,'2015-04-18 10:33:18'),(1150,40.9658858,-5.6692733,NULL,'2015-04-18 10:33:18'),(1151,40.9658858,-5.6692733,NULL,'2015-04-18 10:33:18'),(1152,40.9658843,-5.6692703,NULL,'2015-04-18 10:33:18'),(1153,40.9658843,-5.6692703,NULL,'2015-04-18 10:33:18'),(1154,40.9658829,-5.6692715,NULL,'2015-04-18 10:33:18'),(1155,40.9658822,-5.6692709,NULL,'2015-04-18 10:33:18'),(1156,40.9658822,-5.6692709,NULL,'2015-04-18 10:33:18'),(1157,40.9658814,-5.6692652,NULL,'2015-04-18 10:33:18'),(1158,40.9658814,-5.6692652,NULL,'2015-04-18 10:33:18'),(1159,40.9658822,-5.6692684,NULL,'2015-04-18 10:33:18'),(1160,40.9658830,-5.6692712,NULL,'2015-04-18 10:33:18'),(1161,40.9658847,-5.6692727,NULL,'2015-04-18 10:33:18'),(1162,40.9658847,-5.6692727,NULL,'2015-04-18 10:33:18'),(1163,40.9658863,-5.6692745,NULL,'2015-04-18 10:33:18'),(1164,40.9658863,-5.6692745,NULL,'2015-04-18 10:33:18'),(1165,40.9658866,-5.6692781,NULL,'2015-04-18 10:33:18'),(1166,40.9658878,-5.6692802,NULL,'2015-04-18 10:33:18'),(1167,40.9658878,-5.6692802,NULL,'2015-04-18 10:33:18'),(1168,40.9658878,-5.6693094,NULL,'2015-04-18 10:33:18'),(1169,40.9658878,-5.6693094,NULL,'2015-04-18 10:33:18'),(1170,40.9658878,-5.6693094,NULL,'2015-04-18 10:33:18'),(1171,40.9658878,-5.6693094,NULL,'2015-04-18 10:33:18'),(1172,40.9658878,-5.6693094,NULL,'2015-04-18 10:33:18'),(1173,40.9658878,-5.6693094,NULL,'2015-04-18 10:33:18'),(1174,40.9658860,-5.6692938,NULL,'2015-04-18 10:33:18'),(1175,40.9658851,-5.6692956,NULL,'2015-04-18 10:33:18'),(1176,40.9658851,-5.6692956,NULL,'2015-04-18 10:33:19'),(1177,40.9658836,-5.6692984,NULL,'2015-04-18 10:33:19'),(1178,40.9658826,-5.6693002,NULL,'2015-04-18 10:33:19'),(1179,40.9658837,-5.6692972,NULL,'2015-04-18 10:33:19'),(1180,40.9658837,-5.6692972,NULL,'2015-04-18 10:33:19'),(1181,40.9658874,-5.6692882,NULL,'2015-04-18 10:33:19'),(1182,40.9658902,-5.6692857,NULL,'2015-04-18 10:33:19'),(1183,40.9658902,-5.6692857,NULL,'2015-04-18 10:33:19'),(1184,40.9658904,-5.6692891,NULL,'2015-04-18 10:33:19'),(1185,40.9658904,-5.6692891,NULL,'2015-04-18 10:33:19'),(1186,40.9658908,-5.6692876,NULL,'2015-04-18 10:33:19'),(1187,40.9658908,-5.6692876,NULL,'2015-04-18 10:33:19'),(1188,40.9658913,-5.6692904,NULL,'2015-04-18 10:33:19'),(1189,40.9658913,-5.6692904,NULL,'2015-04-18 10:33:19'),(1190,40.9658925,-5.6692920,NULL,'2015-04-18 10:33:19'),(1191,40.9658936,-5.6692933,NULL,'2015-04-18 10:33:19'),(1192,40.9658936,-5.6692933,NULL,'2015-04-18 10:33:19'),(1193,40.9658948,-5.6692938,NULL,'2015-04-18 10:33:19'),(1194,40.9658955,-5.6692945,NULL,'2015-04-18 10:33:19'),(1195,40.9658955,-5.6692945,NULL,'2015-04-18 10:33:19'),(1196,40.9658964,-5.6692968,NULL,'2015-04-18 10:33:19'),(1197,40.9658964,-5.6692968,NULL,'2015-04-18 10:33:19'),(1198,40.9658981,-5.6692965,NULL,'2015-04-18 10:33:19'),(1199,40.9658996,-5.6692939,NULL,'2015-04-18 10:33:19'),(1200,40.9658996,-5.6692939,NULL,'2015-04-18 10:33:19'),(1201,40.9658996,-5.6692955,NULL,'2015-04-18 10:33:19'),(1202,40.9658996,-5.6692955,NULL,'2015-04-18 10:33:19'),(1203,40.9658997,-5.6692969,NULL,'2015-04-18 10:33:19'),(1204,40.9658994,-5.6692988,NULL,'2015-04-18 10:33:19'),(1205,40.9658994,-5.6692988,NULL,'2015-04-18 10:33:19'),(1206,40.9658985,-5.6692813,NULL,'2015-04-18 10:33:19'),(1207,40.9658985,-5.6692813,NULL,'2015-04-18 10:33:19'),(1208,40.9658985,-5.6692813,NULL,'2015-04-18 10:33:19'),(1209,40.9658985,-5.6692813,NULL,'2015-04-18 10:33:20'),(1210,40.9658985,-5.6692813,NULL,'2015-04-18 10:33:20'),(1211,40.9658985,-5.6692813,NULL,'2015-04-18 10:33:20'),(1212,40.9658985,-5.6692813,NULL,'2015-04-18 10:33:20'),(1213,40.9658985,-5.6692813,NULL,'2015-04-18 10:33:20'),(1214,40.9658985,-5.6692813,NULL,'2015-04-18 10:33:20'),(1215,40.9658985,-5.6692813,NULL,'2015-04-18 10:33:20'),(1216,40.9658985,-5.6692813,NULL,'2015-04-18 10:33:20'),(1217,40.9658985,-5.6692813,NULL,'2015-04-18 10:33:20'),(1218,40.9658985,-5.6692813,NULL,'2015-04-18 10:33:20'),(1219,40.9658985,-5.6692813,NULL,'2015-04-18 10:33:20'),(1220,40.9658985,-5.6692813,NULL,'2015-04-18 10:33:20'),(1221,40.9658985,-5.6692813,NULL,'2015-04-18 10:33:20'),(1222,40.9658985,-5.6692813,NULL,'2015-04-18 10:33:20'),(1223,40.9658985,-5.6692813,NULL,'2015-04-18 10:33:20'),(1224,40.9658985,-5.6692813,NULL,'2015-04-18 10:33:20'),(1225,40.9658985,-5.6692813,NULL,'2015-04-18 10:33:20'),(1226,40.9658985,-5.6692813,NULL,'2015-04-18 10:33:20'),(1227,40.9659043,-5.6692919,NULL,'2015-04-18 10:33:20'),(1228,40.9659043,-5.6692919,NULL,'2015-04-18 10:33:20'),(1229,40.9659025,-5.6692857,NULL,'2015-04-18 10:33:20'),(1230,40.9658974,-5.6692840,NULL,'2015-04-18 10:33:20'),(1231,40.9658974,-5.6692840,NULL,'2015-04-18 10:33:20'),(1232,40.9658982,-5.6692751,NULL,'2015-04-18 10:33:20'),(1233,40.9659306,-5.6691626,NULL,'2015-04-18 10:34:14'),(1234,40.9659306,-5.6691626,NULL,'2015-04-18 10:34:14'),(1235,40.9659306,-5.6691626,NULL,'2015-04-18 10:34:15'),(1236,40.9658717,-5.6692422,NULL,'2015-04-18 10:34:15'),(1237,40.9658717,-5.6692422,NULL,'2015-04-18 10:34:15'),(1238,40.9658880,-5.6692190,NULL,'2015-04-18 10:34:15'),(1239,40.9658880,-5.6692190,NULL,'2015-04-18 10:34:15'),(1240,40.9658880,-5.6692190,NULL,'2015-04-18 10:34:15'),(1241,40.9658900,-5.6692372,NULL,'2015-04-18 10:34:15'),(1242,40.9658955,-5.6692166,NULL,'2015-04-18 10:34:15'),(1243,40.9658955,-5.6692166,NULL,'2015-04-18 10:34:15'),(1244,40.9659196,-5.6691871,NULL,'2015-04-18 10:34:15'),(1245,40.9659196,-5.6691871,NULL,'2015-04-18 10:34:15'),(1246,40.9659196,-5.6691871,NULL,'2015-04-18 10:34:15'),(1247,40.9659196,-5.6691871,NULL,'2015-04-18 10:34:15'),(1248,40.9659196,-5.6691871,NULL,'2015-04-18 10:34:15'),(1249,40.9659196,-5.6691871,NULL,'2015-04-18 10:34:15'),(1250,40.9659581,-5.6692170,NULL,'2015-04-18 10:34:15'),(1251,40.9659581,-5.6692170,NULL,'2015-04-18 10:34:15'),(1252,40.9659581,-5.6692170,NULL,'2015-04-18 10:34:15'),(1253,40.9659072,-5.6691637,NULL,'2015-04-18 10:34:15'),(1254,40.9658871,-5.6692507,NULL,'2015-04-18 10:34:15'),(1255,40.9658871,-5.6692507,NULL,'2015-04-18 10:34:15'),(1256,40.9658871,-5.6692507,NULL,'2015-04-18 10:34:15'),(1257,40.9658883,-5.6692028,NULL,'2015-04-18 10:34:15'),(1258,40.9658883,-5.6692028,NULL,'2015-04-18 10:34:15'),(1259,40.9658883,-5.6692028,NULL,'2015-04-18 10:34:15'),(1260,40.9658883,-5.6692028,NULL,'2015-04-18 10:34:15'),(1261,40.9658883,-5.6692028,NULL,'2015-04-18 10:34:15'),(1262,40.9659008,-5.6691700,NULL,'2015-04-18 10:34:15'),(1263,40.9659341,-5.6691412,NULL,'2015-04-18 10:34:15'),(1264,40.9659341,-5.6691412,NULL,'2015-04-18 10:34:15'),(1265,40.9813417,-5.6003790,NULL,'2015-04-18 11:32:51'),(1266,40.9813417,-5.6003790,NULL,'2015-04-18 11:32:51'),(1267,40.9813417,-5.6003790,NULL,'2015-04-18 11:32:51'),(1268,40.9813383,-5.6003786,NULL,'2015-04-18 11:32:51'),(1269,40.9813383,-5.6003786,NULL,'2015-04-18 11:32:51'),(1270,40.9968490,-5.6863624,NULL,'2015-04-18 12:39:29'),(1271,40.9968492,-5.6863685,NULL,'2015-04-18 12:39:29'),(1272,40.9968542,-5.6864031,NULL,'2015-04-18 12:40:23'),(1273,40.9968542,-5.6864031,NULL,'2015-04-18 12:40:23'),(1274,40.9968466,-5.6863615,NULL,'2015-04-18 12:40:23'),(1275,40.9968494,-5.6863561,NULL,'2015-04-18 12:40:23'),(1276,40.9968494,-5.6863561,NULL,'2015-04-18 12:40:23'),(1277,40.9968494,-5.6863561,NULL,'2015-04-18 12:40:23'),(1278,40.9968494,-5.6863561,NULL,'2015-04-18 12:40:23'),(1279,40.9607843,-5.6680330,NULL,'2015-04-18 13:53:17'),(1280,40.9607843,-5.6680330,NULL,'2015-04-18 13:53:17'),(1281,40.9607911,-5.6680360,NULL,'2015-04-18 13:53:17'),(1282,40.9609355,-5.6678100,NULL,'2015-04-18 13:53:17'),(1283,40.9609355,-5.6678100,NULL,'2015-04-18 13:53:17'),(1284,40.9609355,-5.6678100,NULL,'2015-04-18 13:53:17'),(1285,40.9609355,-5.6678100,NULL,'2015-04-18 13:53:17'),(1286,40.9609355,-5.6678100,NULL,'2015-04-18 13:53:17'),(1287,40.9609355,-5.6678100,NULL,'2015-04-18 13:53:17'),(1288,40.9609355,-5.6678100,NULL,'2015-04-18 13:53:17'),(1289,40.9609355,-5.6678100,NULL,'2015-04-18 13:53:17'),(1290,40.9609355,-5.6678100,NULL,'2015-04-18 13:53:18'),(1291,40.9609355,-5.6678100,NULL,'2015-04-18 13:53:18'),(1292,40.9609355,-5.6678100,NULL,'2015-04-18 13:53:18'),(1293,40.9609355,-5.6678100,NULL,'2015-04-18 13:53:18'),(1294,40.9609355,-5.6678100,NULL,'2015-04-18 13:53:18'),(1295,40.9609355,-5.6678100,NULL,'2015-04-18 13:53:18'),(1296,40.9609355,-5.6678100,NULL,'2015-04-18 13:53:18'),(1297,40.9609355,-5.6678100,NULL,'2015-04-18 13:53:18'),(1298,40.9609355,-5.6678100,NULL,'2015-04-18 13:53:18'),(1299,40.9609355,-5.6678100,NULL,'2015-04-18 13:53:18'),(1300,40.9609355,-5.6678100,NULL,'2015-04-18 13:53:18'),(1301,40.9609355,-5.6678100,NULL,'2015-04-18 13:53:18'),(1302,40.9609368,-5.6678113,NULL,'2015-04-18 13:53:18'),(1303,40.9608942,-5.6678174,NULL,'2015-04-18 13:53:18'),(1304,40.9608942,-5.6678174,NULL,'2015-04-18 13:53:18'),(1305,40.9608942,-5.6678174,NULL,'2015-04-18 13:53:18'),(1306,40.9609477,-5.6676832,NULL,'2015-04-18 13:53:18'),(1307,40.9609477,-5.6676832,NULL,'2015-04-18 13:53:18'),(1308,40.9609477,-5.6676832,NULL,'2015-04-18 13:53:18'),(1309,40.9609477,-5.6676832,NULL,'2015-04-18 13:53:18'),(1310,40.9609477,-5.6676832,NULL,'2015-04-18 13:53:18'),(1311,40.9609468,-5.6676563,NULL,'2015-04-18 13:53:18'),(1312,40.9609453,-5.6676526,NULL,'2015-04-18 13:53:18'),(1313,40.9609470,-5.6676556,NULL,'2015-04-18 13:53:18'),(1314,40.9609189,-5.6677314,NULL,'2015-04-18 13:53:18'),(1315,40.9609189,-5.6677314,NULL,'2015-04-18 13:53:18'),(1316,40.9609189,-5.6677314,NULL,'2015-04-18 13:53:18'),(1317,40.9609189,-5.6677314,NULL,'2015-04-18 13:53:18'),(1318,40.9609189,-5.6677314,NULL,'2015-04-18 13:53:18'),(1319,40.9608895,-5.6678087,NULL,'2015-04-18 13:53:19'),(1320,40.9608895,-5.6678087,NULL,'2015-04-18 13:53:19'),(1321,40.9608895,-5.6678087,NULL,'2015-04-18 13:53:19'),(1322,40.9608895,-5.6678087,NULL,'2015-04-18 13:53:19'),(1323,40.9608895,-5.6678087,NULL,'2015-04-18 13:53:19'),(1324,40.9608895,-5.6678087,NULL,'2015-04-18 13:53:19'),(1325,40.9608895,-5.6678087,NULL,'2015-04-18 13:53:19'),(1326,40.9642644,-5.6698518,NULL,'2015-04-18 13:53:19'),(1327,40.9642644,-5.6698518,NULL,'2015-04-18 13:53:19'),(1328,40.9642644,-5.6698518,NULL,'2015-04-18 13:53:19'),(1329,40.9642644,-5.6698518,NULL,'2015-04-18 13:53:19'),(1330,40.9642644,-5.6698518,NULL,'2015-04-18 13:53:19'),(1331,40.9642644,-5.6698518,NULL,'2015-04-18 13:53:19'),(1332,40.9642644,-5.6698518,NULL,'2015-04-18 13:53:19'),(1333,40.9642644,-5.6698518,NULL,'2015-04-18 13:53:19'),(1334,40.9642644,-5.6698518,NULL,'2015-04-18 13:53:19'),(1335,40.9642644,-5.6698518,NULL,'2015-04-18 13:53:19'),(1336,40.9642644,-5.6698518,NULL,'2015-04-18 13:53:19'),(1337,40.9642644,-5.6698518,NULL,'2015-04-18 13:53:19'),(1338,40.9642644,-5.6698518,NULL,'2015-04-18 13:53:19'),(1339,40.9642644,-5.6698518,NULL,'2015-04-18 13:53:19'),(1340,40.9642644,-5.6698518,NULL,'2015-04-18 13:53:19'),(1341,40.9642644,-5.6698518,NULL,'2015-04-18 13:53:19'),(1342,40.9642644,-5.6698518,NULL,'2015-04-18 13:53:19'),(1343,40.9642644,-5.6698518,NULL,'2015-04-18 13:53:19'),(1344,40.9642644,-5.6698518,NULL,'2015-04-18 13:53:19'),(1345,40.9642644,-5.6698518,NULL,'2015-04-18 13:53:19'),(1346,40.9642644,-5.6698518,NULL,'2015-04-18 13:53:19'),(1347,40.9642644,-5.6698518,NULL,'2015-04-18 13:53:19'),(1348,40.9642644,-5.6698518,NULL,'2015-04-18 13:53:19'),(1349,40.9642644,-5.6698518,NULL,'2015-04-18 13:53:20'),(1350,40.9642644,-5.6698518,NULL,'2015-04-18 13:53:20'),(1351,40.9642644,-5.6698518,NULL,'2015-04-18 13:53:20'),(1352,40.9642644,-5.6698518,NULL,'2015-04-18 13:53:20'),(1353,40.9642644,-5.6698518,NULL,'2015-04-18 13:53:20'),(1354,40.9642644,-5.6698518,NULL,'2015-04-18 13:53:20'),(1355,40.9642644,-5.6698518,NULL,'2015-04-18 13:53:20'),(1356,40.9642644,-5.6698518,NULL,'2015-04-18 13:53:20'),(1357,40.9642644,-5.6698518,NULL,'2015-04-18 13:53:20'),(1358,40.9642644,-5.6698518,NULL,'2015-04-18 13:53:20'),(1359,40.9642644,-5.6698518,NULL,'2015-04-18 13:53:20'),(1360,40.9642644,-5.6698518,NULL,'2015-04-18 13:53:20'),(1361,40.9642644,-5.6698518,NULL,'2015-04-18 13:53:20'),(1362,40.9642644,-5.6698518,NULL,'2015-04-18 13:53:20'),(1363,40.9642644,-5.6698518,NULL,'2015-04-18 13:53:20'),(1364,40.9642644,-5.6698518,NULL,'2015-04-18 13:53:20'),(1365,40.9642644,-5.6698518,NULL,'2015-04-18 13:53:20'),(1366,40.9642644,-5.6698518,NULL,'2015-04-18 13:53:20'),(1367,40.9642644,-5.6698518,NULL,'2015-04-18 13:53:20'),(1368,40.9642644,-5.6698518,NULL,'2015-04-18 13:53:20'),(1369,40.9642644,-5.6698518,NULL,'2015-04-18 13:53:20'),(1370,40.9642644,-5.6698518,NULL,'2015-04-18 13:53:20'),(1371,40.9642644,-5.6698518,NULL,'2015-04-18 13:53:20'),(1372,40.9642644,-5.6698518,NULL,'2015-04-18 13:53:20'),(1373,40.9642644,-5.6698518,NULL,'2015-04-18 13:53:20'),(1374,40.9642644,-5.6698518,NULL,'2015-04-18 13:53:20'),(1375,40.9642644,-5.6698518,NULL,'2015-04-18 13:53:20'),(1376,40.9642644,-5.6698518,NULL,'2015-04-18 13:53:20'),(1377,40.9642644,-5.6698518,NULL,'2015-04-18 13:53:20'),(1378,40.9642644,-5.6698518,NULL,'2015-04-18 13:53:20'),(1379,40.9642644,-5.6698518,NULL,'2015-04-18 13:53:20'),(1380,40.9642644,-5.6698518,NULL,'2015-04-18 13:53:20'),(1381,40.9642644,-5.6698518,NULL,'2015-04-18 13:53:20'),(1382,40.9642644,-5.6698518,NULL,'2015-04-18 13:53:20'),(1383,40.9642644,-5.6698518,NULL,'2015-04-18 13:53:20'),(1384,40.9642644,-5.6698518,NULL,'2015-04-18 13:53:20'),(1385,40.9642644,-5.6698518,NULL,'2015-04-18 13:53:20'),(1386,40.9642644,-5.6698518,NULL,'2015-04-18 13:53:21'),(1387,40.9642644,-5.6698518,NULL,'2015-04-18 13:53:21'),(1388,40.9642644,-5.6698518,NULL,'2015-04-18 13:53:21'),(1389,40.9642644,-5.6698518,NULL,'2015-04-18 13:53:21'),(1390,40.9642644,-5.6698518,NULL,'2015-04-18 13:53:21'),(1391,40.9642644,-5.6698518,NULL,'2015-04-18 13:53:21'),(1392,40.9642644,-5.6698518,NULL,'2015-04-18 13:53:21'),(1393,40.9642644,-5.6698518,NULL,'2015-04-18 13:53:21'),(1394,40.9642644,-5.6698518,NULL,'2015-04-18 13:53:21'),(1395,40.9642644,-5.6698518,NULL,'2015-04-18 13:53:21'),(1396,40.9642644,-5.6698518,NULL,'2015-04-18 13:53:21'),(1397,40.9642644,-5.6698518,NULL,'2015-04-18 13:53:21'),(1398,40.9642644,-5.6698518,NULL,'2015-04-18 13:53:21'),(1399,40.9642644,-5.6698518,NULL,'2015-04-18 13:53:21'),(1400,40.9642644,-5.6698518,NULL,'2015-04-18 13:53:21'),(1401,40.9642644,-5.6698518,NULL,'2015-04-18 13:53:21'),(1402,40.9642644,-5.6698518,NULL,'2015-04-18 13:53:21'),(1403,40.9642644,-5.6698518,NULL,'2015-04-18 13:53:21'),(1404,40.9642644,-5.6698518,NULL,'2015-04-18 13:53:21'),(1405,40.9642644,-5.6698518,NULL,'2015-04-18 13:53:21'),(1406,40.9642644,-5.6698518,NULL,'2015-04-18 13:53:21'),(1407,40.9642644,-5.6698518,NULL,'2015-04-18 13:53:21'),(1408,40.9642644,-5.6698518,NULL,'2015-04-18 13:53:21'),(1409,40.9642644,-5.6698518,NULL,'2015-04-18 13:53:21'),(1410,40.9642644,-5.6698518,NULL,'2015-04-18 13:53:21'),(1411,40.9642644,-5.6698518,NULL,'2015-04-18 13:53:21'),(1412,40.9642644,-5.6698518,NULL,'2015-04-18 13:53:21'),(1413,40.9642644,-5.6698518,NULL,'2015-04-18 13:53:21'),(1414,40.9642644,-5.6698518,NULL,'2015-04-18 13:53:21'),(1415,40.9642644,-5.6698518,NULL,'2015-04-18 13:53:21'),(1416,40.9642644,-5.6698518,NULL,'2015-04-18 13:53:21'),(1417,40.9642644,-5.6698518,NULL,'2015-04-18 13:53:21'),(1418,40.9642644,-5.6698518,NULL,'2015-04-18 13:53:22'),(1419,40.9642644,-5.6698518,NULL,'2015-04-18 13:53:22'),(1420,40.9642644,-5.6698518,NULL,'2015-04-18 13:53:22'),(1421,40.9642644,-5.6698518,NULL,'2015-04-18 13:53:22'),(1422,40.9642644,-5.6698518,NULL,'2015-04-18 13:53:22'),(1423,40.9642306,-5.6697912,NULL,'2015-04-18 13:53:22'),(1424,40.9640531,-5.6694521,NULL,'2015-04-18 13:53:22'),(1425,40.9640531,-5.6694521,NULL,'2015-04-18 13:53:22'),(1426,40.9640531,-5.6694521,NULL,'2015-04-18 13:53:22'),(1427,40.9640531,-5.6694521,NULL,'2015-04-18 13:53:22'),(1428,40.9640531,-5.6694521,NULL,'2015-04-18 13:53:22'),(1429,40.9640318,-5.6695185,NULL,'2015-04-18 13:53:22'),(1430,40.9639876,-5.6695218,NULL,'2015-04-18 13:53:22'),(1431,40.9638906,-5.6695406,NULL,'2015-04-18 13:53:22'),(1432,40.9638641,-5.6695395,NULL,'2015-04-18 13:53:22'),(1433,40.9609071,-5.6678651,NULL,'2015-04-18 13:53:22'),(1434,40.9609071,-5.6678651,NULL,'2015-04-18 13:53:22'),(1435,40.9609071,-5.6678651,NULL,'2015-04-18 13:53:22'),(1436,40.9609071,-5.6678651,NULL,'2015-04-18 13:53:22'),(1437,40.9609071,-5.6678651,NULL,'2015-04-18 13:53:22'),(1438,40.9609071,-5.6678651,NULL,'2015-04-18 13:53:22'),(1439,40.9609071,-5.6678651,NULL,'2015-04-18 13:53:22'),(1440,40.9609071,-5.6678651,NULL,'2015-04-18 13:53:22'),(1441,40.9609071,-5.6678651,NULL,'2015-04-18 13:53:22'),(1442,40.9609071,-5.6678651,NULL,'2015-04-18 13:53:22'),(1443,40.9609071,-5.6678651,NULL,'2015-04-18 13:53:22'),(1444,40.9609071,-5.6678651,NULL,'2015-04-18 13:53:22'),(1445,40.9609071,-5.6678651,NULL,'2015-04-18 13:53:22'),(1446,40.9609071,-5.6678651,NULL,'2015-04-18 13:53:23'),(1447,40.9609071,-5.6678651,NULL,'2015-04-18 13:53:23'),(1448,40.9609071,-5.6678651,NULL,'2015-04-18 13:53:23'),(1449,40.9609071,-5.6678651,NULL,'2015-04-18 13:53:23'),(1450,40.9609071,-5.6678651,NULL,'2015-04-18 13:53:23'),(1451,40.9609071,-5.6678651,NULL,'2015-04-18 13:53:23'),(1452,40.9609071,-5.6678651,NULL,'2015-04-18 13:53:23'),(1453,40.9609071,-5.6678651,NULL,'2015-04-18 13:53:23'),(1454,40.9609071,-5.6678651,NULL,'2015-04-18 13:53:23'),(1455,40.9609071,-5.6678651,NULL,'2015-04-18 13:53:23'),(1456,40.9609071,-5.6678651,NULL,'2015-04-18 13:53:23'),(1457,40.9609071,-5.6678651,NULL,'2015-04-18 13:53:23'),(1458,40.9609071,-5.6678651,NULL,'2015-04-18 13:53:23'),(1459,40.9609071,-5.6678651,NULL,'2015-04-18 13:53:23'),(1460,40.9609071,-5.6678651,NULL,'2015-04-18 13:53:23'),(1461,40.9609071,-5.6678651,NULL,'2015-04-18 13:53:23'),(1462,40.9609071,-5.6678651,NULL,'2015-04-18 13:53:23'),(1463,40.9609071,-5.6678651,NULL,'2015-04-18 13:53:23'),(1464,40.9609071,-5.6678651,NULL,'2015-04-18 13:53:23'),(1465,40.9609071,-5.6678651,NULL,'2015-04-18 13:53:23'),(1466,40.9609071,-5.6678651,NULL,'2015-04-18 13:53:23'),(1467,40.9609071,-5.6678651,NULL,'2015-04-18 13:53:23'),(1468,40.9609071,-5.6678651,NULL,'2015-04-18 13:53:23'),(1469,40.9609071,-5.6678651,NULL,'2015-04-18 13:53:23'),(1470,40.9609071,-5.6678651,NULL,'2015-04-18 13:53:23'),(1471,40.9609071,-5.6678651,NULL,'2015-04-18 13:53:23'),(1472,40.9609071,-5.6678651,NULL,'2015-04-18 13:53:23'),(1473,40.9609071,-5.6678651,NULL,'2015-04-18 13:53:23'),(1474,40.9609071,-5.6678651,NULL,'2015-04-18 13:53:23'),(1475,40.9609071,-5.6678651,NULL,'2015-04-18 13:53:23'),(1476,40.9609071,-5.6678651,NULL,'2015-04-18 13:53:24'),(1477,40.9609071,-5.6678651,NULL,'2015-04-18 13:53:24'),(1478,40.9609071,-5.6678651,NULL,'2015-04-18 13:53:24'),(1479,40.9609071,-5.6678651,NULL,'2015-04-18 13:53:24'),(1480,40.9609071,-5.6678651,NULL,'2015-04-18 13:53:24'),(1481,40.9609071,-5.6678651,NULL,'2015-04-18 13:53:24'),(1482,40.9609071,-5.6678651,NULL,'2015-04-18 13:53:24'),(1483,40.9609071,-5.6678651,NULL,'2015-04-18 13:53:24'),(1484,40.9609071,-5.6678651,NULL,'2015-04-18 13:53:24'),(1485,40.9609071,-5.6678651,NULL,'2015-04-18 13:53:24'),(1486,40.9609071,-5.6678651,NULL,'2015-04-18 13:53:24'),(1487,40.9609071,-5.6678651,NULL,'2015-04-18 13:53:24'),(1488,40.9609071,-5.6678651,NULL,'2015-04-18 13:53:24'),(1489,40.9609071,-5.6678651,NULL,'2015-04-18 13:53:24'),(1490,40.9609071,-5.6678651,NULL,'2015-04-18 13:53:24'),(1491,40.9609071,-5.6678651,NULL,'2015-04-18 13:53:24'),(1492,40.9609071,-5.6678651,NULL,'2015-04-18 13:53:24'),(1493,40.9609071,-5.6678651,NULL,'2015-04-18 13:53:24'),(1494,40.9609071,-5.6678651,NULL,'2015-04-18 13:53:24'),(1495,40.9609071,-5.6678651,NULL,'2015-04-18 13:53:24'),(1496,40.9609071,-5.6678651,NULL,'2015-04-18 13:53:24'),(1497,40.9609071,-5.6678651,NULL,'2015-04-18 13:53:24'),(1498,40.9609071,-5.6678651,NULL,'2015-04-18 13:53:24'),(1499,40.9609071,-5.6678651,NULL,'2015-04-18 13:53:24'),(1500,40.9609071,-5.6678651,NULL,'2015-04-18 13:53:24'),(1501,40.9609071,-5.6678651,NULL,'2015-04-18 13:53:24'),(1502,40.9609071,-5.6678651,NULL,'2015-04-18 13:53:24'),(1503,40.9609071,-5.6678651,NULL,'2015-04-18 13:53:24'),(1504,40.9669835,-5.6957667,NULL,'2015-04-18 14:38:45'),(1505,40.9669835,-5.6957667,NULL,'2015-04-18 14:38:45'),(1506,40.9669835,-5.6957667,NULL,'2015-04-18 14:38:46'),(1507,40.9669835,-5.6957667,NULL,'2015-04-18 14:38:46'),(1508,40.9669835,-5.6957667,NULL,'2015-04-18 14:38:46'),(1509,40.9669835,-5.6957667,NULL,'2015-04-18 14:38:46'),(1510,40.9669835,-5.6957667,NULL,'2015-04-18 14:38:46'),(1511,40.9669835,-5.6957667,NULL,'2015-04-18 14:38:46'),(1512,40.9759674,-5.6609334,NULL,'2015-04-18 15:50:40'),(1513,40.9759674,-5.6609334,NULL,'2015-04-18 15:50:40'),(1514,40.9759674,-5.6609334,NULL,'2015-04-18 15:50:40'),(1515,40.9759674,-5.6609334,NULL,'2015-04-18 15:50:40'),(1516,40.9729124,-5.6678820,NULL,'2015-04-18 16:40:27'),(1517,40.9729124,-5.6678820,NULL,'2015-04-18 16:40:27'),(1518,40.9729124,-5.6678820,NULL,'2015-04-18 16:40:27'),(1519,40.9728711,-5.6678344,NULL,'2015-04-18 16:40:28'),(1520,40.9729107,-5.6678744,NULL,'2015-04-18 16:40:28'),(1521,40.9729102,-5.6678739,NULL,'2015-04-18 16:40:28'),(1522,40.9729102,-5.6678739,NULL,'2015-04-18 16:40:28'),(1523,42.2189687,-8.7305186,NULL,'2015-04-18 17:54:56'),(1524,42.2189687,-8.7305186,NULL,'2015-04-18 17:54:56'),(1525,42.2189687,-8.7305186,NULL,'2015-04-18 17:54:56'),(1526,42.2189687,-8.7305186,NULL,'2015-04-18 17:55:12'),(1527,42.2189687,-8.7305186,NULL,'2015-04-18 17:55:12'),(1528,42.2189687,-8.7305186,NULL,'2015-04-18 17:55:12'),(1529,42.2189687,-8.7305186,NULL,'2015-04-18 17:55:12'),(1530,42.2189687,-8.7305186,NULL,'2015-04-18 17:55:12'),(1531,42.2189687,-8.7305186,NULL,'2015-04-18 17:55:12'),(1532,42.2189687,-8.7305186,NULL,'2015-04-18 17:55:12'),(1533,41.5115710,-5.7320912,NULL,'2015-04-18 21:50:01'),(1534,41.5115627,-5.7320877,NULL,'2015-04-18 21:50:01'),(1535,41.5115597,-5.7320857,NULL,'2015-04-18 21:50:01'),(1536,41.5115579,-5.7320942,NULL,'2015-04-18 21:50:01'),(1537,41.5115574,-5.7320917,NULL,'2015-04-18 21:50:01'),(1538,41.5115580,-5.7320918,NULL,'2015-04-18 21:50:01'),(1539,41.5115570,-5.7320874,NULL,'2015-04-18 21:50:01'),(1540,41.5115570,-5.7320874,NULL,'2015-04-18 21:50:01'),(1541,41.5115570,-5.7320874,NULL,'2015-04-18 21:50:01'),(1542,41.5115570,-5.7320874,NULL,'2015-04-18 21:50:01'),(1543,40.9774753,-5.6613505,NULL,'2015-04-19 08:13:14'),(1544,40.9774753,-5.6613505,NULL,'2015-04-19 08:13:14'),(1545,40.9774753,-5.6613505,NULL,'2015-04-19 08:13:14'),(1546,40.9814678,-5.6584132,NULL,'2015-04-19 08:13:14'),(1547,40.9814678,-5.6584132,NULL,'2015-04-19 08:13:14'),(1548,40.9774753,-5.6613505,NULL,'2015-04-19 08:13:14'),(1549,40.9814678,-5.6584132,NULL,'2015-04-19 08:13:15'),(1550,40.9814678,-5.6584132,NULL,'2015-04-19 08:13:15'),(1551,40.9814677,-5.6584135,NULL,'2015-04-19 08:13:15'),(1552,40.9814677,-5.6584139,NULL,'2015-04-19 08:13:15'),(1553,40.9815274,-5.6585454,NULL,'2015-04-19 08:13:15'),(1554,40.9815274,-5.6585454,NULL,'2015-04-19 08:13:15'),(1555,40.9815325,-5.6585446,NULL,'2015-04-19 08:13:15'),(1556,40.9814677,-5.6584135,NULL,'2015-04-19 08:13:15'),(1557,40.9814677,-5.6584135,NULL,'2015-04-19 08:13:15'),(1558,40.9814678,-5.6584132,NULL,'2015-04-19 08:13:15'),(1559,40.9814677,-5.6584135,NULL,'2015-04-19 08:13:15'),(1560,40.9814677,-5.6584135,NULL,'2015-04-19 08:13:15'),(1561,40.9815206,-5.6585122,NULL,'2015-04-19 08:13:15'),(1562,40.9815206,-5.6585122,NULL,'2015-04-19 08:13:15'),(1563,40.9815132,-5.6585220,NULL,'2015-04-19 08:13:15'),(1564,40.9814580,-5.6583437,NULL,'2015-04-19 08:13:15'),(1565,40.9814577,-5.6583550,NULL,'2015-04-19 08:13:15'),(1566,40.9814511,-5.6583478,NULL,'2015-04-19 08:13:15'),(1567,40.9815308,-5.6585262,NULL,'2015-04-19 08:13:15'),(1568,40.9815200,-5.6585103,NULL,'2015-04-19 08:13:15'),(1569,40.9815181,-5.6585108,NULL,'2015-04-19 08:13:15'),(1570,40.9815495,-5.6585804,NULL,'2015-04-19 08:13:15'),(1571,40.9815387,-5.6585706,NULL,'2015-04-19 08:13:15'),(1572,40.9815471,-5.6585681,NULL,'2015-04-19 08:13:15'),(1573,40.9815371,-5.6585333,NULL,'2015-04-19 08:13:15'),(1574,40.9814786,-5.6585426,NULL,'2015-04-19 08:13:15'),(1575,40.9812565,-5.6584437,NULL,'2015-04-19 08:13:15'),(1576,40.9814539,-5.6585057,NULL,'2015-04-19 08:13:15'),(1577,40.9814524,-5.6584838,NULL,'2015-04-19 08:13:15'),(1578,40.9814771,-5.6585429,NULL,'2015-04-19 08:13:16'),(1579,40.9814309,-5.6584826,NULL,'2015-04-19 08:13:16'),(1580,40.9814518,-5.6585187,NULL,'2015-04-19 08:13:16'),(1581,40.9814284,-5.6584998,NULL,'2015-04-19 08:13:16'),(1582,40.9813836,-5.6584937,NULL,'2015-04-19 08:13:16'),(1583,40.9814640,-5.6585232,NULL,'2015-04-19 08:13:16'),(1584,40.9813650,-5.6584162,NULL,'2015-04-19 08:13:16'),(1585,40.9813584,-5.6584114,NULL,'2015-04-19 08:13:16'),(1586,40.9812088,-5.6583120,NULL,'2015-04-19 08:13:16'),(1587,40.9810006,-5.6577720,NULL,'2015-04-19 08:13:16'),(1588,40.9814380,-5.6584278,NULL,'2015-04-19 08:13:16'),(1589,40.9814241,-5.6583715,NULL,'2015-04-19 08:13:16'),(1590,40.9813567,-5.6583601,NULL,'2015-04-19 08:13:16'),(1591,40.9812959,-5.6583538,NULL,'2015-04-19 08:13:16'),(1592,40.9811404,-5.6582322,NULL,'2015-04-19 08:13:16'),(1593,40.9811660,-5.6582551,NULL,'2015-04-19 08:13:16'),(1594,40.9812160,-5.6582891,NULL,'2015-04-19 08:13:16'),(1595,40.9812131,-5.6583012,NULL,'2015-04-19 08:13:16'),(1596,40.9812238,-5.6582925,NULL,'2015-04-19 08:13:16'),(1597,40.9812004,-5.6583028,NULL,'2015-04-19 08:13:16'),(1598,40.9812153,-5.6583030,NULL,'2015-04-19 08:13:16'),(1599,40.9813154,-5.6583434,NULL,'2015-04-19 08:13:16'),(1600,40.9813083,-5.6583419,NULL,'2015-04-19 08:13:16'),(1601,40.9810788,-5.6582486,NULL,'2015-04-19 08:13:16'),(1602,40.9812941,-5.6583577,NULL,'2015-04-19 08:13:16'),(1603,40.9812926,-5.6583444,NULL,'2015-04-19 08:13:16'),(1604,40.9812067,-5.6582817,NULL,'2015-04-19 08:13:16'),(1605,40.9812037,-5.6582801,NULL,'2015-04-19 08:13:16'),(1606,40.9700180,-5.6735261,NULL,'2015-04-19 18:36:01'),(1607,40.9700180,-5.6735261,NULL,'2015-04-19 18:36:01'),(1608,40.9700182,-5.6735266,NULL,'2015-04-19 18:36:01'),(1609,40.9700184,-5.6735266,NULL,'2015-04-19 18:36:01'),(1610,40.9607911,-5.6702765,NULL,'2015-04-20 17:25:44'),(1611,40.9608109,-5.6702738,NULL,'2015-04-20 17:25:44'),(1612,40.2037951,-5.9607408,NULL,'2015-05-01 11:11:03'),(1613,40.2038009,-5.9607430,NULL,'2015-05-01 11:11:03'),(1614,40.2037919,-5.9607755,NULL,'2015-05-01 11:11:03');
/*!40000 ALTER TABLE `api_position` ENABLE KEYS */;
UNLOCK TABLES;

--
-- Table structure for table `api_route`
--

DROP TABLE IF EXISTS `api_route`;
/*!40101 SET @saved_cs_client     = @@character_set_client */;
/*!40101 SET character_set_client = utf8 */;
CREATE TABLE `api_route` (
  `id` int(11) NOT NULL AUTO_INCREMENT,
  `transport` varchar(255),
  PRIMARY KEY (`id`)
) ENGINE=InnoDB AUTO_INCREMENT=139 DEFAULT CHARSET=utf8;
/*!40101 SET character_set_client = @saved_cs_client */;

--
-- Dumping data for table `api_route`
--

LOCK TABLES `api_route` WRITE;
/*!40000 ALTER TABLE `api_route` DISABLE KEYS */;
INSERT INTO `api_route` VALUES (1,NULL),(2,NULL),(3,NULL),(4,NULL),(5,NULL),(6,NULL),(7,NULL),(8,NULL),(9,NULL),(10,NULL),(11,NULL),(12,NULL),(13,NULL),(14,NULL),(15,NULL),(16,NULL),(17,NULL),(18,NULL),(19,''),(20,''),(21,''),(22,''),(23,''),(24,''),(25,''),(26,''),(27,''),(28,''),(29,''),(30,''),(31,''),(32,''),(33,''),(34,''),(35,''),(36,''),(37,''),(38,''),(39,''),(40,''),(41,''),(42,''),(43,''),(44,''),(45,''),(46,''),(47,''),(48,''),(49,''),(50,''),(51,''),(52,''),(53,''),(54,''),(55,''),(56,''),(57,''),(58,''),(59,''),(60,''),(61,''),(62,''),(63,''),(64,''),(65,''),(66,''),(67,''),(68,''),(69,''),(70,''),(71,''),(72,''),(73,''),(74,''),(75,''),(76,'caminando'),(77,''),(78,'caminando'),(79,''),(80,'caminando'),(81,'caminando'),(82,'caminando'),(83,'bici'),(84,'caminando'),(85,'caminando'),(86,'silla-ruedas'),(87,'caminando'),(88,'silla-ruedas'),(89,'silla-ruedas'),(90,'caminando'),(91,'corriendo'),(92,'caminando'),(93,'silla-ruedas'),(94,'silla-ruedas'),(95,'silla-ruedas'),(96,'bici'),(97,'caminando'),(98,'corriendo'),(99,'caminando'),(100,'caminando'),(101,'bici'),(102,'caminando'),(103,'caminando'),(104,'caminando'),(105,'corriendo'),(106,'caminando'),(107,'corriendo'),(108,'caminando'),(109,'caminando'),(110,'caminando'),(111,'caminando'),(112,'caminando'),(113,'caminando'),(114,'caminando'),(115,'corriendo'),(116,'silla-ruedas'),(117,'silla-ruedas'),(118,'caminando'),(119,'corriendo'),(120,'bici'),(121,'corriendo'),(122,'silla-ruedas'),(123,'caminando'),(124,'corriendo'),(125,'caminando'),(126,'caminando'),(127,'bici'),(128,'bici'),(129,'caminando'),(130,'corriendo'),(131,'silla-ruedas'),(132,'caminando'),(133,'corriendo'),(134,'corriendo'),(135,'caminando'),(136,'caminando'),(137,'bici'),(138,'corriendo');
/*!40000 ALTER TABLE `api_route` ENABLE KEYS */;
UNLOCK TABLES;

--
-- Table structure for table `api_route_position`
--

DROP TABLE IF EXISTS `api_route_position`;
/*!40101 SET @saved_cs_client     = @@character_set_client */;
/*!40101 SET character_set_client = utf8 */;
CREATE TABLE `api_route_position` (
  `id` int(11) NOT NULL AUTO_INCREMENT,
  `route_id` int(11) NOT NULL,
  `position_id` int(11) NOT NULL,
  PRIMARY KEY (`id`),
  UNIQUE KEY `route_id` (`route_id`,`position_id`),
  KEY `api_route_position_position_id_310cbf01_fk_api_position_id` (`position_id`),
  CONSTRAINT `api_route_position_position_id_310cbf01_fk_api_position_id` FOREIGN KEY (`position_id`) REFERENCES `api_position` (`id`),
  CONSTRAINT `api_route_position_route_id_30879f7a_fk_api_route_id` FOREIGN KEY (`route_id`) REFERENCES `api_route` (`id`)
) ENGINE=InnoDB AUTO_INCREMENT=1622 DEFAULT CHARSET=utf8;
/*!40101 SET character_set_client = @saved_cs_client */;

--
-- Dumping data for table `api_route_position`
--

LOCK TABLES `api_route_position` WRITE;
/*!40000 ALTER TABLE `api_route_position` DISABLE KEYS */;
INSERT INTO `api_route_position` VALUES (1,1,7),(2,1,8),(3,1,9),(4,2,10),(5,2,11),(6,2,12),(7,3,1),(8,4,2),(9,4,3),(10,4,4),(11,5,2),(12,5,3),(13,5,4),(14,6,2),(15,6,3),(16,6,4),(17,7,2),(18,7,3),(19,7,4),(20,8,2),(21,8,3),(22,8,4),(23,9,2),(24,9,3),(25,9,4),(26,17,18),(27,17,19),(28,17,20),(29,17,21),(30,17,22),(31,17,23),(32,17,24),(33,17,25),(34,18,26),(35,18,27),(36,18,28),(37,18,29),(38,18,30),(39,18,31),(40,18,32),(41,18,33),(42,19,34),(43,19,35),(44,19,36),(45,19,37),(46,19,38),(47,19,39),(48,19,40),(49,19,41),(50,19,42),(51,19,43),(52,19,44),(53,20,45),(54,20,46),(55,20,47),(56,20,48),(57,20,49),(58,20,50),(59,20,51),(60,20,52),(61,20,53),(62,20,54),(63,20,55),(64,20,56),(65,20,57),(66,20,58),(67,20,59),(68,20,60),(69,20,61),(70,20,62),(71,20,63),(72,20,64),(73,20,65),(74,20,66),(75,20,67),(76,21,68),(77,21,69),(78,21,70),(79,21,71),(80,21,72),(81,23,73),(82,23,74),(83,23,75),(84,23,76),(85,24,77),(86,24,78),(87,24,79),(88,24,80),(89,24,81),(90,24,82),(91,25,83),(92,25,84),(93,25,85),(94,25,86),(95,25,87),(96,25,88),(97,25,89),(98,26,90),(99,26,91),(100,26,92),(101,26,93),(102,26,94),(103,26,95),(104,26,96),(105,26,97),(106,26,98),(107,26,99),(108,27,100),(109,27,101),(110,27,102),(111,27,103),(112,27,104),(113,27,105),(114,27,106),(115,27,107),(116,27,108),(117,27,109),(118,27,110),(119,27,111),(120,27,112),(121,27,113),(122,27,114),(123,29,115),(124,29,116),(125,29,117),(126,29,118),(127,29,119),(128,29,120),(129,29,121),(130,30,122),(131,30,123),(132,30,124),(133,30,125),(134,30,126),(135,30,127),(136,30,128),(137,30,129),(138,30,130),(139,30,131),(140,30,132),(141,30,133),(142,30,134),(143,30,135),(144,30,136),(145,30,137),(146,30,138),(147,30,139),(148,30,140),(149,30,141),(150,30,142),(151,30,143),(152,30,144),(153,30,145),(154,30,146),(155,30,147),(156,30,148),(157,30,149),(158,30,150),(159,30,151),(160,30,152),(161,30,153),(162,30,154),(163,30,155),(164,30,156),(165,30,157),(166,30,158),(167,30,159),(168,30,160),(169,30,161),(170,30,162),(171,30,163),(172,30,164),(173,30,165),(174,30,166),(175,37,167),(176,37,168),(177,37,169),(178,37,170),(179,37,171),(180,37,172),(181,37,173),(182,37,174),(183,37,175),(184,48,176),(185,48,177),(186,48,178),(187,49,179),(188,49,180),(189,50,181),(190,50,182),(191,51,183),(192,51,184),(193,52,185),(194,52,186),(195,52,187),(196,60,188),(197,60,189),(198,60,190),(199,60,191),(200,60,192),(201,60,193),(202,60,194),(203,60,195),(204,60,196),(205,60,197),(206,61,198),(207,61,199),(208,61,200),(209,61,201),(210,61,202),(211,61,203),(212,61,204),(213,61,205),(214,61,206),(215,61,207),(216,61,208),(217,61,209),(218,61,210),(219,61,211),(220,61,212),(221,61,213),(222,61,214),(223,61,215),(224,61,216),(225,61,217),(226,61,218),(227,61,219),(228,61,220),(229,61,221),(230,61,222),(231,61,223),(232,61,224),(233,61,225),(234,61,226),(235,61,227),(236,61,228),(237,61,229),(238,61,230),(239,61,231),(240,61,232),(241,61,233),(242,61,234),(243,61,235),(244,61,236),(245,61,237),(246,61,238),(247,61,239),(248,61,240),(249,61,241),(250,61,242),(251,61,243),(252,61,244),(253,61,245),(254,61,246),(255,61,247),(256,61,248),(257,61,249),(258,61,250),(259,61,251),(260,61,252),(261,61,253),(262,61,254),(263,61,255),(264,61,256),(265,61,257),(266,61,258),(267,61,259),(268,61,260),(269,61,261),(270,61,262),(271,61,263),(272,61,264),(273,61,265),(274,61,266),(275,61,267),(276,61,268),(277,61,269),(278,61,270),(279,61,271),(280,61,272),(281,61,273),(282,61,274),(283,61,275),(284,61,276),(285,61,277),(286,61,278),(287,61,279),(288,61,280),(289,61,281),(290,61,282),(291,61,283),(292,61,284),(293,61,285),(294,61,286),(295,61,287),(296,61,288),(297,61,289),(298,61,290),(299,61,291),(300,61,292),(301,61,293),(302,61,294),(303,61,295),(304,61,296),(305,61,297),(306,61,298),(307,61,299),(308,61,300),(309,61,301),(310,61,302),(311,61,303),(312,61,304),(313,61,305),(314,61,306),(315,61,307),(316,61,308),(317,62,309),(318,62,310),(319,62,311),(320,62,312),(321,62,313),(322,62,314),(323,62,315),(324,62,316),(325,62,317),(326,62,318),(327,62,319),(328,62,320),(329,63,321),(330,63,322),(331,63,323),(332,63,324),(333,63,325),(334,63,326),(335,63,327),(336,63,328),(337,63,329),(338,63,330),(339,63,331),(340,63,332),(341,63,333),(342,63,334),(343,63,335),(344,63,336),(345,63,337),(346,63,338),(347,63,339),(348,63,340),(349,63,341),(350,63,342),(351,63,343),(352,63,344),(353,63,345),(354,63,346),(355,63,347),(356,63,348),(357,63,349),(358,63,350),(359,63,351),(360,63,352),(361,63,353),(362,63,354),(363,63,355),(364,63,356),(365,63,357),(366,63,358),(367,63,359),(368,63,360),(369,63,361),(370,63,362),(371,63,363),(372,63,364),(373,63,365),(374,63,366),(375,63,367),(376,63,368),(377,63,369),(378,63,370),(379,63,371),(380,63,372),(381,63,373),(382,63,374),(383,63,375),(384,63,376),(385,63,377),(386,63,378),(387,64,379),(388,64,380),(389,64,381),(390,64,382),(391,64,383),(392,64,384),(393,64,385),(394,64,386),(395,64,387),(396,64,388),(397,64,389),(398,64,390),(399,64,391),(400,64,392),(401,64,393),(402,64,394),(403,64,395),(404,64,396),(405,64,397),(406,64,398),(407,64,399),(408,64,400),(409,64,401),(410,64,402),(411,64,403),(412,64,404),(413,64,405),(414,64,406),(415,64,407),(416,64,408),(417,64,409),(418,64,410),(419,64,411),(420,64,412),(421,64,413),(422,64,414),(423,64,415),(424,64,416),(425,64,417),(426,64,418),(427,64,419),(428,64,420),(429,64,421),(430,64,422),(431,64,423),(432,64,424),(433,64,425),(434,64,426),(435,64,427),(436,64,428),(437,64,429),(438,64,430),(439,64,431),(440,64,432),(441,64,433),(442,64,434),(443,64,435),(444,64,436),(445,64,437),(446,64,438),(447,65,439),(448,65,440),(449,65,441),(450,65,442),(451,65,443),(452,65,444),(453,65,445),(454,65,446),(455,65,447),(456,65,448),(457,65,449),(458,65,450),(459,65,451),(460,65,452),(461,65,453),(462,65,454),(463,65,455),(464,65,456),(465,65,457),(466,65,458),(467,65,459),(468,65,460),(469,65,461),(470,65,462),(471,65,463),(472,65,464),(473,65,465),(474,65,466),(475,65,467),(476,65,468),(477,65,469),(478,65,470),(479,65,471),(480,65,472),(481,65,473),(482,65,474),(483,65,475),(484,65,476),(485,65,477),(486,65,478),(487,65,479),(488,65,480),(489,65,481),(490,65,482),(491,65,483),(492,65,484),(493,65,485),(494,65,486),(495,65,487),(496,65,488),(497,65,489),(498,65,490),(499,65,491),(500,65,492),(501,65,493),(502,65,494),(503,65,495),(504,65,496),(505,65,497),(506,65,498),(507,65,499),(508,65,500),(509,65,501),(510,65,502),(511,65,503),(512,65,504),(513,65,505),(514,65,506),(515,65,507),(516,65,508),(517,65,509),(518,65,510),(519,65,511),(520,65,512),(521,65,513),(522,65,514),(523,65,515),(524,65,516),(525,65,517),(526,65,518),(527,65,519),(528,65,520),(529,65,521),(530,65,522),(531,76,523),(532,76,524),(533,76,525),(534,76,526),(535,76,527),(536,78,528),(537,78,529),(538,78,530),(539,78,531),(540,78,532),(541,78,533),(542,78,534),(543,78,535),(544,78,536),(545,78,537),(546,78,538),(547,78,539),(548,78,540),(549,78,541),(550,78,542),(551,78,543),(552,78,544),(553,78,545),(554,78,546),(555,78,547),(556,78,548),(557,78,549),(558,78,550),(559,78,551),(560,78,552),(561,78,553),(562,78,554),(563,78,555),(564,78,556),(565,78,557),(566,78,558),(567,78,559),(568,78,560),(569,78,561),(570,78,562),(571,78,563),(572,78,564),(573,78,565),(574,78,566),(575,78,567),(576,78,568),(577,78,569),(578,78,570),(579,78,571),(580,78,572),(581,78,573),(582,78,574),(583,78,575),(584,78,576),(585,78,577),(586,78,578),(587,78,579),(588,78,580),(589,78,581),(590,82,582),(591,82,583),(592,82,584),(593,82,585),(594,82,586),(595,82,587),(596,82,588),(597,82,589),(598,82,590),(599,82,591),(600,82,592),(601,82,593),(602,82,594),(603,82,595),(604,82,596),(605,82,597),(606,82,598),(607,82,599),(608,82,600),(609,82,601),(610,82,602),(611,82,603),(612,82,604),(613,82,605),(614,82,606),(615,82,607),(616,82,608),(617,82,609),(618,82,610),(619,82,611),(620,82,612),(621,82,613),(622,82,614),(623,82,615),(624,82,616),(625,82,617),(626,82,618),(627,82,619),(628,82,620),(629,83,621),(630,83,622),(631,83,623),(632,83,624),(633,83,625),(634,83,626),(635,83,627),(636,83,628),(637,83,629),(638,83,630),(639,83,631),(640,83,632),(641,83,633),(642,83,634),(643,83,635),(644,83,636),(645,83,637),(646,83,638),(647,83,639),(648,83,640),(649,83,641),(650,83,642),(651,83,643),(652,83,644),(653,83,645),(654,83,646),(655,83,647),(656,83,648),(657,83,649),(658,83,650),(659,83,651),(660,83,652),(661,83,653),(662,83,654),(663,83,655),(664,83,656),(665,83,657),(666,83,658),(667,83,659),(668,83,660),(669,83,661),(670,83,662),(671,83,663),(672,83,664),(673,83,665),(674,83,666),(675,83,667),(676,83,668),(677,83,669),(678,83,670),(679,83,671),(680,83,672),(681,83,673),(682,83,674),(683,83,675),(684,83,676),(685,83,677),(686,83,678),(687,83,679),(688,83,680),(689,83,681),(690,83,682),(691,83,683),(692,83,684),(693,83,685),(694,83,686),(695,83,687),(696,83,688),(697,83,689),(698,83,690),(699,83,691),(700,83,692),(701,83,693),(702,83,694),(703,83,695),(704,83,696),(705,83,697),(706,83,698),(707,83,699),(708,83,700),(709,83,701),(710,83,702),(711,83,703),(712,83,704),(713,83,705),(714,83,706),(715,83,707),(716,83,708),(717,83,709),(718,83,710),(719,83,711),(720,83,712),(721,83,713),(722,83,714),(723,83,715),(724,83,716),(725,83,717),(726,83,718),(727,83,719),(728,83,720),(729,83,721),(730,83,722),(731,83,723),(732,83,724),(733,83,725),(734,83,726),(735,83,727),(736,83,728),(737,83,729),(738,83,730),(739,83,731),(740,83,732),(741,83,733),(742,83,734),(743,83,735),(744,83,736),(745,83,737),(746,83,738),(747,83,739),(748,83,740),(749,83,741),(750,83,742),(751,83,743),(752,83,744),(753,83,745),(754,83,746),(755,83,747),(756,83,748),(757,83,749),(758,83,750),(759,83,751),(760,83,752),(761,83,753),(762,83,754),(763,83,755),(764,83,756),(765,83,757),(766,83,758),(767,83,759),(768,83,760),(769,83,761),(770,83,762),(771,83,763),(772,83,764),(773,83,765),(774,83,766),(775,83,767),(776,83,768),(777,83,769),(778,83,770),(779,83,771),(780,83,772),(781,83,773),(782,83,774),(783,83,775),(784,83,776),(785,83,777),(786,83,778),(787,83,779),(788,83,780),(789,83,781),(790,83,782),(791,83,783),(792,83,784),(793,83,785),(794,83,786),(795,83,787),(796,83,788),(797,83,789),(798,83,790),(799,83,791),(800,83,792),(801,83,793),(802,83,794),(803,83,795),(804,83,796),(805,83,797),(806,83,798),(807,83,799),(808,83,800),(809,83,801),(810,83,802),(811,83,803),(812,83,804),(813,83,805),(814,83,806),(815,83,807),(816,83,808),(817,83,809),(818,83,810),(819,83,811),(820,83,812),(821,83,813),(822,83,814),(823,83,815),(824,83,816),(825,83,817),(826,83,818),(827,83,819),(828,83,820),(829,83,821),(830,83,822),(831,83,823),(832,83,824),(833,83,825),(834,83,826),(835,83,827),(836,83,828),(837,83,829),(838,83,830),(839,83,831),(840,83,832),(841,83,833),(842,83,834),(843,83,835),(844,83,836),(845,83,837),(846,83,838),(847,83,839),(848,83,840),(849,83,841),(850,83,842),(851,83,843),(852,83,844),(853,83,845),(854,83,846),(855,83,847),(856,83,848),(857,83,849),(858,83,850),(859,83,851),(860,83,852),(861,83,853),(862,83,854),(863,83,855),(864,83,856),(865,83,857),(866,83,858),(867,83,859),(868,83,860),(869,83,861),(870,83,862),(871,83,863),(872,83,864),(873,83,865),(874,83,866),(875,83,867),(876,83,868),(877,83,869),(878,83,870),(879,83,871),(880,83,872),(881,83,873),(882,83,874),(883,83,875),(884,83,876),(885,83,877),(886,83,878),(887,83,879),(888,83,880),(889,83,881),(890,83,882),(891,83,883),(892,83,884),(893,83,885),(894,83,886),(895,83,887),(896,83,888),(897,83,889),(898,83,890),(899,83,891),(900,83,892),(901,83,893),(902,83,894),(903,83,895),(904,83,896),(905,83,897),(906,83,898),(907,83,899),(908,83,900),(909,83,901),(910,83,902),(911,83,903),(912,83,904),(913,83,905),(914,83,906),(915,83,907),(916,83,908),(917,83,909),(918,83,910),(919,83,911),(920,83,912),(921,83,913),(922,83,914),(923,83,915),(924,83,916),(925,83,917),(926,83,918),(927,83,919),(928,83,920),(929,83,921),(930,83,922),(931,83,923),(932,83,924),(933,83,925),(934,83,926),(935,83,927),(936,83,928),(937,83,929),(938,83,930),(939,83,931),(940,83,932),(941,83,933),(942,83,934),(943,83,935),(944,83,936),(945,83,937),(946,83,938),(947,83,939),(948,83,940),(949,83,941),(950,83,942),(951,83,943),(952,83,944),(953,83,945),(954,83,946),(955,83,947),(956,83,948),(957,83,949),(958,83,950),(959,83,951),(960,83,952),(961,83,953),(962,83,954),(963,83,955),(964,83,956),(965,83,957),(966,83,958),(967,83,959),(968,83,960),(969,83,961),(970,83,962),(971,83,963),(972,83,964),(973,83,965),(974,83,966),(975,83,967),(976,83,968),(977,83,969),(978,83,970),(979,83,971),(980,83,972),(981,83,973),(982,83,974),(983,83,975),(984,83,976),(985,83,977),(986,83,978),(987,83,979),(988,83,980),(989,83,981),(990,83,982),(991,83,983),(992,83,984),(993,83,985),(994,83,986),(995,83,987),(996,83,988),(997,83,989),(998,83,990),(999,83,991),(1000,83,992),(1001,83,993),(1002,83,994),(1003,83,995),(1004,83,996),(1005,83,997),(1006,83,998),(1007,83,999),(1008,83,1000),(1009,83,1001),(1010,83,1002),(1011,83,1003),(1012,83,1004),(1013,83,1005),(1014,83,1006),(1015,87,1008),(1016,87,1009),(1017,87,1010),(1018,87,1011),(1019,87,1012),(1020,87,1013),(1021,87,1014),(1022,87,1015),(1023,87,1016),(1024,87,1017),(1025,87,1018),(1026,87,1019),(1027,87,1020),(1028,87,1021),(1029,87,1022),(1030,87,1023),(1031,87,1024),(1032,87,1025),(1033,87,1026),(1034,87,1027),(1035,87,1028),(1036,87,1029),(1037,87,1030),(1038,87,1031),(1039,87,1032),(1040,87,1033),(1041,87,1034),(1042,87,1035),(1043,87,1036),(1044,87,1037),(1045,87,1038),(1046,87,1039),(1047,87,1040),(1048,87,1041),(1049,87,1042),(1050,87,1043),(1051,87,1044),(1052,87,1045),(1053,87,1046),(1054,87,1047),(1055,87,1048),(1056,87,1049),(1057,87,1050),(1058,87,1051),(1059,87,1052),(1060,87,1053),(1061,87,1054),(1062,87,1055),(1063,87,1056),(1064,87,1057),(1065,87,1058),(1066,87,1059),(1067,87,1060),(1068,87,1061),(1069,87,1062),(1070,87,1063),(1071,87,1064),(1072,87,1065),(1073,87,1066),(1074,87,1067),(1075,87,1068),(1076,87,1069),(1077,87,1070),(1078,87,1071),(1079,87,1072),(1080,87,1073),(1081,87,1074),(1082,87,1075),(1083,87,1076),(1084,87,1077),(1085,87,1078),(1086,87,1079),(1087,87,1080),(1088,87,1081),(1089,87,1082),(1090,87,1083),(1091,87,1084),(1092,87,1085),(1093,87,1086),(1094,87,1087),(1095,87,1088),(1096,87,1089),(1097,87,1090),(1098,87,1091),(1099,87,1092),(1100,87,1093),(1101,87,1094),(1102,87,1095),(1103,87,1096),(1104,87,1097),(1105,87,1098),(1106,87,1099),(1107,87,1100),(1108,87,1101),(1109,87,1102),(1110,87,1103),(1111,87,1104),(1112,87,1105),(1113,87,1106),(1114,87,1107),(1115,87,1108),(1116,87,1109),(1117,87,1110),(1118,87,1111),(1119,87,1112),(1120,87,1113),(1121,87,1114),(1122,87,1115),(1123,87,1116),(1124,87,1117),(1125,87,1118),(1126,87,1119),(1127,87,1120),(1128,87,1121),(1129,87,1122),(1130,87,1123),(1131,87,1124),(1132,87,1125),(1133,87,1126),(1134,87,1127),(1135,87,1128),(1136,87,1129),(1137,87,1130),(1138,87,1131),(1139,87,1132),(1140,87,1133),(1141,87,1134),(1142,87,1135),(1143,97,1136),(1144,97,1137),(1145,97,1138),(1146,97,1139),(1147,97,1140),(1148,97,1141),(1149,97,1142),(1150,97,1143),(1151,97,1144),(1152,97,1145),(1153,97,1146),(1154,97,1147),(1155,97,1148),(1156,97,1149),(1157,97,1150),(1158,97,1151),(1159,97,1152),(1160,97,1153),(1161,97,1154),(1162,97,1155),(1163,97,1156),(1164,97,1157),(1165,97,1158),(1166,97,1159),(1167,97,1160),(1168,97,1161),(1169,97,1162),(1170,97,1163),(1171,97,1164),(1172,97,1165),(1173,97,1166),(1174,97,1167),(1175,97,1168),(1176,97,1169),(1177,97,1170),(1178,97,1171),(1179,97,1172),(1180,97,1173),(1181,97,1174),(1182,97,1175),(1183,97,1176),(1184,97,1177),(1185,97,1178),(1186,97,1179),(1187,97,1180),(1188,97,1181),(1189,97,1182),(1190,97,1183),(1191,97,1184),(1192,97,1185),(1193,97,1186),(1194,97,1187),(1195,97,1188),(1196,97,1189),(1197,97,1190),(1198,97,1191),(1199,97,1192),(1200,97,1193),(1201,97,1194),(1202,97,1195),(1203,97,1196),(1204,97,1197),(1205,97,1198),(1206,97,1199),(1207,97,1200),(1208,97,1201),(1209,97,1202),(1210,97,1203),(1211,97,1204),(1212,97,1205),(1213,97,1206),(1214,97,1207),(1215,97,1208),(1216,97,1209),(1217,97,1210),(1218,97,1211),(1219,97,1212),(1220,97,1213),(1221,97,1214),(1222,97,1215),(1223,97,1216),(1224,97,1217),(1225,97,1218),(1226,97,1219),(1227,97,1220),(1228,97,1221),(1229,97,1222),(1230,97,1223),(1231,97,1224),(1232,97,1225),(1233,97,1226),(1234,97,1227),(1235,97,1228),(1236,97,1229),(1237,97,1230),(1238,97,1231),(1239,97,1232),(1240,98,1233),(1241,98,1234),(1242,98,1235),(1243,98,1236),(1244,98,1237),(1245,98,1238),(1246,98,1239),(1247,98,1240),(1248,98,1241),(1249,98,1242),(1250,98,1243),(1251,98,1244),(1252,98,1245),(1253,98,1246),(1254,98,1247),(1255,98,1248),(1256,98,1249),(1257,98,1250),(1258,98,1251),(1259,98,1252),(1260,98,1253),(1261,98,1254),(1262,98,1255),(1263,98,1256),(1264,98,1257),(1265,98,1258),(1266,98,1259),(1267,98,1260),(1268,98,1261),(1269,98,1262),(1270,98,1263),(1271,98,1264),(1272,100,1265),(1273,100,1266),(1274,100,1267),(1275,100,1268),(1276,100,1269),(1277,104,1270),(1278,104,1271),(1279,105,1272),(1280,105,1273),(1281,105,1274),(1282,105,1275),(1283,105,1276),(1284,105,1277),(1285,105,1278),(1286,108,1279),(1287,108,1280),(1288,108,1281),(1289,108,1282),(1290,108,1283),(1291,108,1284),(1292,108,1285),(1293,108,1286),(1294,108,1287),(1295,108,1288),(1296,108,1289),(1297,108,1290),(1298,108,1291),(1299,108,1292),(1300,108,1293),(1301,108,1294),(1302,108,1295),(1303,108,1296),(1304,108,1297),(1305,108,1298),(1306,108,1299),(1307,108,1300),(1308,108,1301),(1309,108,1302),(1310,108,1303),(1311,108,1304),(1312,108,1305),(1313,108,1306),(1314,108,1307),(1315,108,1308),(1316,108,1309),(1317,108,1310),(1318,108,1311),(1319,108,1312),(1320,108,1313),(1321,108,1314),(1322,108,1315),(1323,108,1316),(1324,108,1317),(1325,108,1318),(1326,108,1319),(1327,108,1320),(1328,108,1321),(1329,108,1322),(1330,108,1323),(1331,108,1324),(1332,108,1325),(1333,108,1326),(1334,108,1327),(1335,108,1328),(1336,108,1329),(1337,108,1330),(1338,108,1331),(1339,108,1332),(1340,108,1333),(1341,108,1334),(1342,108,1335),(1343,108,1336),(1344,108,1337),(1345,108,1338),(1346,108,1339),(1347,108,1340),(1348,108,1341),(1349,108,1342),(1350,108,1343),(1351,108,1344),(1352,108,1345),(1353,108,1346),(1354,108,1347),(1355,108,1348),(1356,108,1349),(1357,108,1350),(1358,108,1351),(1359,108,1352),(1360,108,1353),(1361,108,1354),(1362,108,1355),(1363,108,1356),(1364,108,1357),(1365,108,1358),(1366,108,1359),(1367,108,1360),(1368,108,1361),(1369,108,1362),(1370,108,1363),(1371,108,1364),(1372,108,1365),(1373,108,1366),(1374,108,1367),(1375,108,1368),(1376,108,1369),(1377,108,1370),(1378,108,1371),(1379,108,1372),(1380,108,1373),(1381,108,1374),(1382,108,1375),(1383,108,1376),(1384,108,1377),(1385,108,1378),(1386,108,1379),(1387,108,1380),(1388,108,1381),(1389,108,1382),(1390,108,1383),(1391,108,1384),(1392,108,1385),(1393,108,1386),(1394,108,1387),(1395,108,1388),(1396,108,1389),(1397,108,1390),(1398,108,1391),(1399,108,1392),(1400,108,1393),(1401,108,1394),(1402,108,1395),(1403,108,1396),(1404,108,1397),(1405,108,1398),(1406,108,1399),(1407,108,1400),(1408,108,1401),(1409,108,1402),(1410,108,1403),(1411,108,1404),(1412,108,1405),(1413,108,1406),(1414,108,1407),(1415,108,1408),(1416,108,1409),(1417,108,1410),(1418,108,1411),(1419,108,1412),(1420,108,1413),(1421,108,1414),(1422,108,1415),(1423,108,1416),(1424,108,1417),(1425,108,1418),(1426,108,1419),(1427,108,1420),(1428,108,1421),(1429,108,1422),(1430,108,1423),(1431,108,1424),(1432,108,1425),(1433,108,1426),(1434,108,1427),(1435,108,1428),(1436,108,1429),(1437,108,1430),(1438,108,1431),(1439,108,1432),(1440,108,1433),(1441,108,1434),(1442,108,1435),(1443,108,1436),(1444,108,1437),(1445,108,1438),(1446,108,1439),(1447,108,1440),(1448,108,1441),(1449,108,1442),(1450,108,1443),(1451,108,1444),(1452,108,1445),(1453,108,1446),(1454,108,1447),(1455,108,1448),(1456,108,1449),(1457,108,1450),(1458,108,1451),(1459,108,1452),(1460,108,1453),(1461,108,1454),(1462,108,1455),(1463,108,1456),(1464,108,1457),(1465,108,1458),(1466,108,1459),(1467,108,1460),(1468,108,1461),(1469,108,1462),(1470,108,1463),(1471,108,1464),(1472,108,1465),(1473,108,1466),(1474,108,1467),(1475,108,1468),(1476,108,1469),(1477,108,1470),(1478,108,1471),(1479,108,1472),(1480,108,1473),(1481,108,1474),(1482,108,1475),(1483,108,1476),(1484,108,1477),(1485,108,1478),(1486,108,1479),(1487,108,1480),(1488,108,1481),(1489,108,1482),(1490,108,1483),(1491,108,1484),(1492,108,1485),(1493,108,1486),(1494,108,1487),(1495,108,1488),(1496,108,1489),(1497,108,1490),(1498,108,1491),(1499,108,1492),(1500,108,1493),(1501,108,1494),(1502,108,1495),(1503,108,1496),(1504,108,1497),(1505,108,1498),(1506,108,1499),(1507,108,1500),(1508,108,1501),(1509,108,1502),(1510,108,1503),(1511,109,1504),(1512,109,1505),(1513,109,1506),(1514,109,1507),(1515,109,1508),(1516,109,1509),(1517,109,1510),(1518,109,1511),(1519,114,1512),(1520,114,1513),(1521,114,1514),(1522,114,1515),(1523,117,1516),(1524,117,1517),(1525,117,1518),(1526,117,1519),(1527,117,1520),(1528,117,1521),(1529,117,1522),(1530,118,1523),(1531,118,1524),(1532,118,1525),(1533,119,1526),(1534,119,1527),(1535,119,1528),(1536,119,1529),(1537,119,1530),(1538,119,1531),(1539,119,1532),(1540,126,1533),(1541,126,1534),(1542,126,1535),(1543,126,1536),(1544,126,1537),(1545,126,1538),(1546,126,1539),(1547,126,1540),(1548,126,1541),(1549,126,1542),(1550,129,1543),(1551,129,1544),(1552,129,1545),(1553,129,1546),(1554,129,1547),(1555,129,1548),(1556,129,1549),(1557,129,1550),(1558,129,1551),(1559,129,1552),(1560,129,1553),(1561,129,1554),(1562,129,1555),(1563,129,1556),(1564,129,1557),(1565,129,1558),(1566,129,1559),(1567,129,1560),(1568,129,1561),(1569,129,1562),(1570,129,1563),(1571,129,1564),(1572,129,1565),(1573,129,1566),(1574,129,1567),(1575,129,1568),(1576,129,1569),(1577,129,1570),(1578,129,1571),(1579,129,1572),(1580,129,1573),(1581,129,1574),(1582,129,1575),(1583,129,1576),(1584,129,1577),(1585,129,1578),(1586,129,1579),(1587,129,1580),(1588,129,1581),(1589,129,1582),(1590,129,1583),(1591,129,1584),(1592,129,1585),(1593,129,1586),(1594,129,1587),(1595,129,1588),(1596,129,1589),(1597,129,1590),(1598,129,1591),(1599,129,1592),(1600,129,1593),(1601,129,1594),(1602,129,1595),(1603,129,1596),(1604,129,1597),(1605,129,1598),(1606,129,1599),(1607,129,1600),(1608,129,1601),(1609,129,1602),(1610,129,1603),(1611,129,1604),(1612,129,1605),(1613,134,1606),(1614,134,1607),(1615,134,1608),(1616,134,1609),(1617,136,1610),(1618,136,1611),(1619,137,1612),(1620,137,1613),(1621,137,1614);
/*!40000 ALTER TABLE `api_route_position` ENABLE KEYS */;
UNLOCK TABLES;

--
-- Table structure for table `api_user`
--

DROP TABLE IF EXISTS `api_user`;
/*!40101 SET @saved_cs_client     = @@character_set_client */;
/*!40101 SET character_set_client = utf8 */;
CREATE TABLE `api_user` (
  `id` int(11) NOT NULL AUTO_INCREMENT,
  PRIMARY KEY (`id`)
) ENGINE=InnoDB AUTO_INCREMENT=4 DEFAULT CHARSET=utf8;
/*!40101 SET character_set_client = @saved_cs_client */;

--
-- Dumping data for table `api_user`
--

LOCK TABLES `api_user` WRITE;
/*!40000 ALTER TABLE `api_user` DISABLE KEYS */;
INSERT INTO `api_user` VALUES (1),(2),(3);
/*!40000 ALTER TABLE `api_user` ENABLE KEYS */;
UNLOCK TABLES;

--
-- Table structure for table `api_user_routes`
--

DROP TABLE IF EXISTS `api_user_routes`;
/*!40101 SET @saved_cs_client     = @@character_set_client */;
/*!40101 SET character_set_client = utf8 */;
CREATE TABLE `api_user_routes` (
  `id` int(11) NOT NULL AUTO_INCREMENT,
  `user_id` int(11) NOT NULL,
  `route_id` int(11) NOT NULL,
  PRIMARY KEY (`id`),
  UNIQUE KEY `user_id` (`user_id`,`route_id`),
  KEY `api_user_routes_route_id_5fdaf8f8_fk_api_route_id` (`route_id`),
  CONSTRAINT `api_user_routes_route_id_5fdaf8f8_fk_api_route_id` FOREIGN KEY (`route_id`) REFERENCES `api_route` (`id`),
  CONSTRAINT `api_user_routes_user_id_3fecc721_fk_api_user_id` FOREIGN KEY (`user_id`) REFERENCES `api_user` (`id`)
) ENGINE=InnoDB AUTO_INCREMENT=126 DEFAULT CHARSET=utf8;
/*!40101 SET character_set_client = @saved_cs_client */;

--
-- Dumping data for table `api_user_routes`
--

LOCK TABLES `api_user_routes` WRITE;
/*!40000 ALTER TABLE `api_user_routes` DISABLE KEYS */;
INSERT INTO `api_user_routes` VALUES (1,1,1),(7,1,20),(8,1,21),(9,1,22),(10,1,23),(11,1,24),(12,1,25),(13,1,26),(14,1,27),(15,1,28),(16,1,29),(17,1,30),(18,1,31),(19,1,32),(20,1,33),(21,1,34),(22,1,35),(23,1,36),(24,1,37),(25,1,38),(26,1,39),(27,1,40),(28,1,41),(29,1,42),(30,1,43),(31,1,44),(32,1,45),(33,1,46),(34,1,47),(35,1,48),(36,1,49),(37,1,50),(38,1,51),(39,1,52),(40,1,53),(41,1,54),(42,1,55),(43,1,56),(44,1,57),(45,1,58),(46,1,59),(47,1,60),(48,1,61),(49,1,62),(50,1,63),(51,1,64),(52,1,65),(53,1,66),(54,1,67),(55,1,68),(56,1,69),(57,1,70),(58,1,71),(59,1,72),(60,1,73),(61,1,74),(62,1,75),(63,1,76),(64,1,77),(65,1,78),(66,1,79),(67,1,80),(68,1,81),(69,1,82),(70,1,83),(71,1,84),(72,1,85),(73,1,86),(74,1,87),(75,1,88),(76,1,89),(77,1,90),(78,1,91),(79,1,92),(80,1,93),(81,1,94),(82,1,95),(83,1,96),(84,1,97),(85,1,98),(86,1,99),(87,1,100),(88,1,101),(89,1,102),(90,1,103),(91,1,104),(92,1,105),(93,1,106),(94,1,107),(95,1,108),(96,1,109),(97,1,110),(98,1,111),(99,1,112),(100,1,113),(101,1,114),(102,1,115),(103,1,116),(104,1,117),(105,1,118),(106,1,119),(107,1,120),(108,1,121),(109,1,122),(110,1,123),(111,1,124),(112,1,125),(113,1,126),(114,1,127),(115,1,128),(116,1,129),(117,1,130),(118,1,131),(119,1,132),(120,1,133),(121,1,134),(122,1,135),(123,1,136),(124,1,137),(125,1,138),(2,2,2),(3,3,1),(4,3,2),(5,3,3),(6,3,4);
/*!40000 ALTER TABLE `api_user_routes` ENABLE KEYS */;
UNLOCK TABLES;

--
-- Table structure for table `auth_group`
--

DROP TABLE IF EXISTS `auth_group`;
/*!40101 SET @saved_cs_client     = @@character_set_client */;
/*!40101 SET character_set_client = utf8 */;
CREATE TABLE `auth_group` (
  `id` int(11) NOT NULL AUTO_INCREMENT,
  `name` varchar(80) NOT NULL,
  PRIMARY KEY (`id`),
  UNIQUE KEY `name` (`name`)
) ENGINE=InnoDB DEFAULT CHARSET=utf8;
/*!40101 SET character_set_client = @saved_cs_client */;

--
-- Dumping data for table `auth_group`
--

LOCK TABLES `auth_group` WRITE;
/*!40000 ALTER TABLE `auth_group` DISABLE KEYS */;
/*!40000 ALTER TABLE `auth_group` ENABLE KEYS */;
UNLOCK TABLES;

--
-- Table structure for table `auth_group_permissions`
--

DROP TABLE IF EXISTS `auth_group_permissions`;
/*!40101 SET @saved_cs_client     = @@character_set_client */;
/*!40101 SET character_set_client = utf8 */;
CREATE TABLE `auth_group_permissions` (
  `id` int(11) NOT NULL AUTO_INCREMENT,
  `group_id` int(11) NOT NULL,
  `permission_id` int(11) NOT NULL,
  PRIMARY KEY (`id`),
  UNIQUE KEY `group_id` (`group_id`,`permission_id`),
  KEY `auth_group_permissi_permission_id_23962d04_fk_auth_permission_id` (`permission_id`),
  CONSTRAINT `auth_group_permissions_group_id_58c48ba9_fk_auth_group_id` FOREIGN KEY (`group_id`) REFERENCES `auth_group` (`id`),
  CONSTRAINT `auth_group_permissi_permission_id_23962d04_fk_auth_permission_id` FOREIGN KEY (`permission_id`) REFERENCES `auth_permission` (`id`)
) ENGINE=InnoDB DEFAULT CHARSET=utf8;
/*!40101 SET character_set_client = @saved_cs_client */;

--
-- Dumping data for table `auth_group_permissions`
--

LOCK TABLES `auth_group_permissions` WRITE;
/*!40000 ALTER TABLE `auth_group_permissions` DISABLE KEYS */;
/*!40000 ALTER TABLE `auth_group_permissions` ENABLE KEYS */;
UNLOCK TABLES;

--
-- Table structure for table `auth_permission`
--

DROP TABLE IF EXISTS `auth_permission`;
/*!40101 SET @saved_cs_client     = @@character_set_client */;
/*!40101 SET character_set_client = utf8 */;
CREATE TABLE `auth_permission` (
  `id` int(11) NOT NULL AUTO_INCREMENT,
  `name` varchar(255) DEFAULT NULL,
  `content_type_id` int(11) NOT NULL,
  `codename` varchar(100) NOT NULL,
  PRIMARY KEY (`id`),
  UNIQUE KEY `content_type_id` (`content_type_id`,`codename`),
  CONSTRAINT `auth_permissi_content_type_id_51277a81_fk_django_content_type_id` FOREIGN KEY (`content_type_id`) REFERENCES `django_content_type` (`id`)
) ENGINE=InnoDB AUTO_INCREMENT=31 DEFAULT CHARSET=utf8;
/*!40101 SET character_set_client = @saved_cs_client */;

--
-- Dumping data for table `auth_permission`
--

LOCK TABLES `auth_permission` WRITE;
/*!40000 ALTER TABLE `auth_permission` DISABLE KEYS */;
INSERT INTO `auth_permission` VALUES (1,'Can add log entry',1,'add_logentry'),(2,'Can change log entry',1,'change_logentry'),(3,'Can delete log entry',1,'delete_logentry'),(4,'Can add permission',2,'add_permission'),(5,'Can change permission',2,'change_permission'),(6,'Can delete permission',2,'delete_permission'),(7,'Can add group',3,'add_group'),(8,'Can change group',3,'change_group'),(9,'Can delete group',3,'delete_group'),(10,'Can add user',4,'add_user'),(11,'Can change user',4,'change_user'),(12,'Can delete user',4,'delete_user'),(13,'Can add content type',5,'add_contenttype'),(14,'Can change content type',5,'change_contenttype'),(15,'Can delete content type',5,'delete_contenttype'),(16,'Can add session',6,'add_session'),(17,'Can change session',6,'change_session'),(18,'Can delete session',6,'delete_session'),(19,'Can add position',7,'add_position'),(20,'Can change position',7,'change_position'),(21,'Can delete position',7,'delete_position'),(22,'Can add route',8,'add_route'),(23,'Can change route',8,'change_route'),(24,'Can delete route',8,'delete_route'),(25,'Can add user',9,'add_user'),(26,'Can change user',9,'change_user'),(27,'Can delete user',9,'delete_user'),(28,'Can add cors model',10,'add_corsmodel'),(29,'Can change cors model',10,'change_corsmodel'),(30,'Can delete cors model',10,'delete_corsmodel');
/*!40000 ALTER TABLE `auth_permission` ENABLE KEYS */;
UNLOCK TABLES;

--
-- Table structure for table `auth_user`
--

DROP TABLE IF EXISTS `auth_user`;
/*!40101 SET @saved_cs_client     = @@character_set_client */;
/*!40101 SET character_set_client = utf8 */;
CREATE TABLE `auth_user` (
  `id` int(11) NOT NULL AUTO_INCREMENT,
  `password` varchar(128) NOT NULL,
  `last_login` datetime DEFAULT NULL,
  `is_superuser` tinyint(1) NOT NULL,
  `username` varchar(30) NOT NULL,
  `first_name` varchar(30) NOT NULL,
  `last_name` varchar(30) NOT NULL,
  `email` varchar(254) DEFAULT NULL,
  `is_staff` tinyint(1) NOT NULL,
  `is_active` tinyint(1) NOT NULL,
  `date_joined` datetime NOT NULL,
  PRIMARY KEY (`id`),
  UNIQUE KEY `username` (`username`)
) ENGINE=InnoDB AUTO_INCREMENT=2 DEFAULT CHARSET=utf8;
/*!40101 SET character_set_client = @saved_cs_client */;

--
-- Dumping data for table `auth_user`
--

LOCK TABLES `auth_user` WRITE;
/*!40000 ALTER TABLE `auth_user` DISABLE KEYS */;
INSERT INTO `auth_user` VALUES (1,'pbkdf2_sha256$20000$lSwRrJ1rS3yv$2YVURpV3i2OtlI2323X8BHDU/fcV2ZJ2y9GbfUuTwS8=',NULL,1,'h4g','','','juancb@usal.es',1,1,'2015-04-16 22:01:04');
/*!40000 ALTER TABLE `auth_user` ENABLE KEYS */;
UNLOCK TABLES;

--
-- Table structure for table `auth_user_groups`
--

DROP TABLE IF EXISTS `auth_user_groups`;
/*!40101 SET @saved_cs_client     = @@character_set_client */;
/*!40101 SET character_set_client = utf8 */;
CREATE TABLE `auth_user_groups` (
  `id` int(11) NOT NULL AUTO_INCREMENT,
  `user_id` int(11) NOT NULL,
  `group_id` int(11) NOT NULL,
  PRIMARY KEY (`id`),
  UNIQUE KEY `user_id` (`user_id`,`group_id`),
  KEY `auth_user_groups_group_id_30a071c9_fk_auth_group_id` (`group_id`),
  CONSTRAINT `auth_user_groups_group_id_30a071c9_fk_auth_group_id` FOREIGN KEY (`group_id`) REFERENCES `auth_group` (`id`),
  CONSTRAINT `auth_user_groups_user_id_24702650_fk_auth_user_id` FOREIGN KEY (`user_id`) REFERENCES `auth_user` (`id`)
) ENGINE=InnoDB DEFAULT CHARSET=utf8;
/*!40101 SET character_set_client = @saved_cs_client */;

--
-- Dumping data for table `auth_user_groups`
--

LOCK TABLES `auth_user_groups` WRITE;
/*!40000 ALTER TABLE `auth_user_groups` DISABLE KEYS */;
/*!40000 ALTER TABLE `auth_user_groups` ENABLE KEYS */;
UNLOCK TABLES;

--
-- Table structure for table `auth_user_user_permissions`
--

DROP TABLE IF EXISTS `auth_user_user_permissions`;
/*!40101 SET @saved_cs_client     = @@character_set_client */;
/*!40101 SET character_set_client = utf8 */;
CREATE TABLE `auth_user_user_permissions` (
  `id` int(11) NOT NULL AUTO_INCREMENT,
  `user_id` int(11) NOT NULL,
  `permission_id` int(11) NOT NULL,
  PRIMARY KEY (`id`),
  UNIQUE KEY `user_id` (`user_id`,`permission_id`),
  KEY `auth_user_user_perm_permission_id_3d7071f0_fk_auth_permission_id` (`permission_id`),
  CONSTRAINT `auth_user_user_permissions_user_id_7cd7acb6_fk_auth_user_id` FOREIGN KEY (`user_id`) REFERENCES `auth_user` (`id`),
  CONSTRAINT `auth_user_user_perm_permission_id_3d7071f0_fk_auth_permission_id` FOREIGN KEY (`permission_id`) REFERENCES `auth_permission` (`id`)
) ENGINE=InnoDB DEFAULT CHARSET=utf8;
/*!40101 SET character_set_client = @saved_cs_client */;

--
-- Dumping data for table `auth_user_user_permissions`
--

LOCK TABLES `auth_user_user_permissions` WRITE;
/*!40000 ALTER TABLE `auth_user_user_permissions` DISABLE KEYS */;
/*!40000 ALTER TABLE `auth_user_user_permissions` ENABLE KEYS */;
UNLOCK TABLES;

--
-- Table structure for table `corsheaders_corsmodel`
--

DROP TABLE IF EXISTS `corsheaders_corsmodel`;
/*!40101 SET @saved_cs_client     = @@character_set_client */;
/*!40101 SET character_set_client = utf8 */;
CREATE TABLE `corsheaders_corsmodel` (
  `id` int(11) NOT NULL AUTO_INCREMENT,
  `cors` varchar(255) NOT NULL,
  PRIMARY KEY (`id`)
) ENGINE=InnoDB DEFAULT CHARSET=utf8;
/*!40101 SET character_set_client = @saved_cs_client */;

--
-- Dumping data for table `corsheaders_corsmodel`
--

LOCK TABLES `corsheaders_corsmodel` WRITE;
/*!40000 ALTER TABLE `corsheaders_corsmodel` DISABLE KEYS */;
/*!40000 ALTER TABLE `corsheaders_corsmodel` ENABLE KEYS */;
UNLOCK TABLES;

--
-- Table structure for table `django_admin_log`
--

DROP TABLE IF EXISTS `django_admin_log`;
/*!40101 SET @saved_cs_client     = @@character_set_client */;
/*!40101 SET character_set_client = utf8 */;
CREATE TABLE `django_admin_log` (
  `id` int(11) NOT NULL AUTO_INCREMENT,
  `action_time` datetime NOT NULL,
  `object_id` longtext,
  `object_repr` varchar(200) NOT NULL,
  `action_flag` smallint(5) unsigned NOT NULL,
  `change_message` longtext NOT NULL,
  `content_type_id` int(11) DEFAULT NULL,
  `user_id` int(11) NOT NULL,
  PRIMARY KEY (`id`),
  KEY `django_admin__content_type_id_5151027a_fk_django_content_type_id` (`content_type_id`),
  KEY `django_admin_log_user_id_1c5f563_fk_auth_user_id` (`user_id`),
  CONSTRAINT `django_admin_log_user_id_1c5f563_fk_auth_user_id` FOREIGN KEY (`user_id`) REFERENCES `auth_user` (`id`),
  CONSTRAINT `django_admin__content_type_id_5151027a_fk_django_content_type_id` FOREIGN KEY (`content_type_id`) REFERENCES `django_content_type` (`id`)
) ENGINE=InnoDB DEFAULT CHARSET=utf8;
/*!40101 SET character_set_client = @saved_cs_client */;

--
-- Dumping data for table `django_admin_log`
--

LOCK TABLES `django_admin_log` WRITE;
/*!40000 ALTER TABLE `django_admin_log` DISABLE KEYS */;
/*!40000 ALTER TABLE `django_admin_log` ENABLE KEYS */;
UNLOCK TABLES;

--
-- Table structure for table `django_content_type`
--

DROP TABLE IF EXISTS `django_content_type`;
/*!40101 SET @saved_cs_client     = @@character_set_client */;
/*!40101 SET character_set_client = utf8 */;
CREATE TABLE `django_content_type` (
  `id` int(11) NOT NULL AUTO_INCREMENT,
  `app_label` varchar(100) NOT NULL,
  `model` varchar(100) NOT NULL,
  PRIMARY KEY (`id`),
  UNIQUE KEY `django_content_type_app_label_3ec8c61c_uniq` (`app_label`,`model`)
) ENGINE=InnoDB AUTO_INCREMENT=11 DEFAULT CHARSET=utf8;
/*!40101 SET character_set_client = @saved_cs_client */;

--
-- Dumping data for table `django_content_type`
--

LOCK TABLES `django_content_type` WRITE;
/*!40000 ALTER TABLE `django_content_type` DISABLE KEYS */;
INSERT INTO `django_content_type` VALUES (1,'admin','logentry'),(7,'api','position'),(8,'api','route'),(9,'api','user'),(3,'auth','group'),(2,'auth','permission'),(4,'auth','user'),(5,'contenttypes','contenttype'),(10,'corsheaders','corsmodel'),(6,'sessions','session');
/*!40000 ALTER TABLE `django_content_type` ENABLE KEYS */;
UNLOCK TABLES;

--
-- Table structure for table `django_migrations`
--

DROP TABLE IF EXISTS `django_migrations`;
/*!40101 SET @saved_cs_client     = @@character_set_client */;
/*!40101 SET character_set_client = utf8 */;
CREATE TABLE `django_migrations` (
  `id` int(11) NOT NULL AUTO_INCREMENT,
  `app` varchar(255) NOT NULL,
  `name` varchar(255) NOT NULL,
  `applied` datetime NOT NULL,
  PRIMARY KEY (`id`)
) ENGINE=InnoDB AUTO_INCREMENT=15 DEFAULT CHARSET=utf8;
/*!40101 SET character_set_client = @saved_cs_client */;

--
-- Dumping data for table `django_migrations`
--

LOCK TABLES `django_migrations` WRITE;
/*!40000 ALTER TABLE `django_migrations` DISABLE KEYS */;
INSERT INTO `django_migrations` VALUES (1,'contenttypes','0001_initial','2015-04-16 22:00:25'),(2,'auth','0001_initial','2015-04-16 22:00:26'),(3,'admin','0001_initial','2015-04-16 22:00:26'),(4,'api','0001_initial','2015-04-16 22:00:27'),(5,'contenttypes','0002_remove_content_type_name','2015-04-16 22:00:27'),(6,'auth','0002_alter_permission_name_max_length','2015-04-16 22:00:28'),(7,'auth','0003_alter_user_email_max_length','2015-04-16 22:00:28'),(8,'auth','0004_alter_user_username_opts','2015-04-16 22:00:28'),(9,'auth','0005_alter_user_last_login_null','2015-04-16 22:00:28'),(10,'auth','0006_require_contenttypes_0002','2015-04-16 22:00:28'),(11,'sessions','0001_initial','2015-04-16 22:00:28'),(12,'api','0002_auto_20150416_2232','2015-04-16 22:32:32'),(13,'api','0003_auto_20150417_1634','2015-04-17 16:34:11'),(14,'api','0004_remove_user_token','2015-04-17 16:42:39');
/*!40000 ALTER TABLE `django_migrations` ENABLE KEYS */;
UNLOCK TABLES;

--
-- Table structure for table `django_session`
--

DROP TABLE IF EXISTS `django_session`;
/*!40101 SET @saved_cs_client     = @@character_set_client */;
/*!40101 SET character_set_client = utf8 */;
CREATE TABLE `django_session` (
  `session_key` varchar(40) NOT NULL,
  `session_data` longtext NOT NULL,
  `expire_date` datetime NOT NULL,
  PRIMARY KEY (`session_key`),
  KEY `django_session_de54fa62` (`expire_date`)
) ENGINE=InnoDB DEFAULT CHARSET=utf8;
/*!40101 SET character_set_client = @saved_cs_client */;

--
-- Dumping data for table `django_session`
--

LOCK TABLES `django_session` WRITE;
/*!40000 ALTER TABLE `django_session` DISABLE KEYS */;
INSERT INTO `django_session` VALUES ('9aa3rwhs0la6r9pkr4bnq9up0fky1bm2','NzgwNDdhOTlkODEyZGFiMjQ0MWIxYjQ1NGE2ZDFkYjYwM2RiMzZkNTp7fQ==','2015-04-30 22:02:21');
/*!40000 ALTER TABLE `django_session` ENABLE KEYS */;
UNLOCK TABLES;
/*!40103 SET TIME_ZONE=@OLD_TIME_ZONE */;

/*!40101 SET SQL_MODE=@OLD_SQL_MODE */;
/*!40014 SET FOREIGN_KEY_CHECKS=@OLD_FOREIGN_KEY_CHECKS */;
/*!40014 SET UNIQUE_CHECKS=@OLD_UNIQUE_CHECKS */;
/*!40101 SET CHARACTER_SET_CLIENT=@OLD_CHARACTER_SET_CLIENT */;
/*!40101 SET CHARACTER_SET_RESULTS=@OLD_CHARACTER_SET_RESULTS */;
/*!40101 SET COLLATION_CONNECTION=@OLD_COLLATION_CONNECTION */;
/*!40111 SET SQL_NOTES=@OLD_SQL_NOTES */;

-- Dump completed on 2016-02-26 17:06:25
